-- MySQL dump 10.13  Distrib 5.7.19, for Linux (x86_64)
--
-- Host: localhost    Database: dei_db
-- ------------------------------------------------------
-- Server version	5.7.19

/*!40101 SET @OLD_CHARACTER_SET_CLIENT=@@CHARACTER_SET_CLIENT */;
/*!40101 SET @OLD_CHARACTER_SET_RESULTS=@@CHARACTER_SET_RESULTS */;
/*!40101 SET @OLD_COLLATION_CONNECTION=@@COLLATION_CONNECTION */;
/*!40101 SET NAMES utf8 */;
/*!40103 SET @OLD_TIME_ZONE=@@TIME_ZONE */;
/*!40103 SET TIME_ZONE='+00:00' */;
/*!40014 SET @OLD_UNIQUE_CHECKS=@@UNIQUE_CHECKS, UNIQUE_CHECKS=0 */;
/*!40014 SET @OLD_FOREIGN_KEY_CHECKS=@@FOREIGN_KEY_CHECKS, FOREIGN_KEY_CHECKS=0 */;
/*!40101 SET @OLD_SQL_MODE=@@SQL_MODE, SQL_MODE='NO_AUTO_VALUE_ON_ZERO' */;
/*!40111 SET @OLD_SQL_NOTES=@@SQL_NOTES, SQL_NOTES=0 */;

--
-- Table structure for table `core_city`
--

DROP TABLE IF EXISTS `core_city`;
/*!40101 SET @saved_cs_client     = @@character_set_client */;
/*!40101 SET character_set_client = utf8 */;
CREATE TABLE `core_city` (
  `city_id` int(11) NOT NULL AUTO_INCREMENT,
  `city_name` varchar(255) NOT NULL,
  `region_id` int(11) NOT NULL,
  `city_status` tinyint(5) NOT NULL DEFAULT '1' COMMENT '1= active, 2=in-active',
  PRIMARY KEY (`city_id`),
  KEY `region_id` (`region_id`)
) ENGINE=InnoDB DEFAULT CHARSET=latin1;
/*!40101 SET character_set_client = @saved_cs_client */;

--
-- Dumping data for table `core_city`
--

LOCK TABLES `core_city` WRITE;
/*!40000 ALTER TABLE `core_city` DISABLE KEYS */;
/*!40000 ALTER TABLE `core_city` ENABLE KEYS */;
UNLOCK TABLES;

--
-- Table structure for table `core_contact_details`
--

DROP TABLE IF EXISTS `core_contact_details`;
/*!40101 SET @saved_cs_client     = @@character_set_client */;
/*!40101 SET character_set_client = utf8 */;
CREATE TABLE `core_contact_details` (
  `contact_id` int(11) NOT NULL AUTO_INCREMENT,
  `contact_name` varchar(100) NOT NULL,
  `email` varchar(45) NOT NULL,
  `phone` varchar(45) NOT NULL,
  `message` text,
  `date_created` timestamp NULL DEFAULT CURRENT_TIMESTAMP,
  PRIMARY KEY (`contact_id`)
) ENGINE=InnoDB AUTO_INCREMENT=32 DEFAULT CHARSET=latin1;
/*!40101 SET character_set_client = @saved_cs_client */;

--
-- Dumping data for table `core_contact_details`
--

LOCK TABLES `core_contact_details` WRITE;
/*!40000 ALTER TABLE `core_contact_details` DISABLE KEYS */;
INSERT INTO `core_contact_details` VALUES (1,'Goutham','bigcranesindia@gmail.com','8639660549','Get me a Crane and contact asap','2017-08-03 11:25:40'),(2,'Goutham','bigcranesindia@gmail.com','8639660549','Get me a Crane and contact asap','2017-08-03 11:25:43'),(3,'Goutham','bigcranesindia@gmail.com','8639660549','Get me a Crane and contact asap','2017-08-03 11:25:44'),(4,'Goutham','bigcranesindia@gmail.com','8639660549','Get me a Crane and contact asap','2017-08-03 11:25:44'),(5,'Goutham','bigcranesindia@gmail.com','8639660549','Need a 200Ton Crawler in Pune','2017-08-04 04:27:39'),(6,'Madhab','chandrasahoo.madhab@gmail.com','sadsa hjsdajhjksdajksdajhjkasdjkashdsajsadhkj','','2017-08-07 09:41:33'),(7,'Goutham','bigcranesindia@gmail.com','8639660549','Urgent need in a 200 Ton telescopic in Katlapudi Junction. ','2017-08-07 11:01:49'),(8,'paparao','fadqads@greger','8634907562174','gegsxbsdbh','2017-08-10 07:09:24'),(9,'GS Prasad','gsprasadmdr@gmail.com','9290513099','Call me','2017-08-11 06:10:41'),(10,'GS Prasad','gsprasadmdr@gmail.com','9290513099','Call me','2017-08-11 06:10:54'),(11,'GS Prasad','gsprasadmdr@gmail.com','9290513099','call me','2017-08-11 06:11:39'),(12,'GS Prasad','gsprasadmdr@gmail.com','9290513099','cal me','2017-08-11 06:12:31'),(13,'GS Prasad','gsprasadmdr@gmail.com','9290513099','ghgg','2017-08-11 06:12:39'),(14,'ABC Suppliers','y.yamini6@gmail.com','9703179760','hi ,\r\nplease reply.','2017-08-11 06:16:32'),(15,'Jani Nemana','jani@nemana.com','9703956794','Hi there.. I have questions. Please call','2017-08-11 06:24:41'),(16,'Jani Nemana','jani@nemana.com','9703956794','I am planning to chat with your representative','2017-08-11 06:27:46'),(17,'GS Prasad','gsprasadmdr@gmail.com','9290513099','Contact me','2017-08-11 06:47:32'),(18,'GS Prasad','gsprasadmdr@gmail.com','9290513099','Contact me','2017-08-11 06:47:54'),(19,'ABC Suppliers','y.yamini6@gmail.com','9703179760','','2017-08-16 10:50:49'),(20,'ABC Suppliers','y.yamini6@gmail.com','9703179760','','2017-08-16 10:56:01'),(21,'ABC Suppliers','y.yamini6@gmail.com','9703179760','','2017-08-17 05:56:43'),(22,'pushpa','pushpa.pl03@gmail.com','9603118333','Testing contact','2017-08-17 09:32:04'),(23,'ABC Suppliers','y.yamini6@gmail.com','9703179760','hi this is yamini','2017-08-17 09:40:03'),(24,'ABC Suppliers','y.yamini6@gmail.com','9703179760','hi, this is a test message.','2017-08-17 09:42:06'),(25,'ABC Suppliers','y.yamini6@gmail.com','9703179760','Hi , this is a message from ABC Suppliers','2017-08-28 10:09:18'),(26,'pushpa','pushpa.pl03@gmail.com','9603118333','Testing by pushpa','2017-08-29 06:26:20'),(27,'pushpa','pushpa.pl03@gmail.com','9603118333','Testing contact','2017-09-01 12:25:08'),(28,'ABC Suppliers','y.yamini6@gmail.com','9703179760','Hi, this is a test message.','2017-09-02 05:44:26'),(29,'ABC Suppliers','y.yamini6@gmail.com','9703179760','This is chat with us message','2017-09-02 05:46:29'),(30,'tina','tina8@gmail.com','9000000007','This is a test message from Yamini.','2017-09-02 08:07:18'),(31,'Himanshu shethia','himanshubhanushali@hotmail.com','9820025318','We have a 70 ton telescopic crane in ready position.','2017-09-07 13:31:35');
/*!40000 ALTER TABLE `core_contact_details` ENABLE KEYS */;
UNLOCK TABLES;

--
-- Table structure for table `core_job_applicants`
--

DROP TABLE IF EXISTS `core_job_applicants`;
/*!40101 SET @saved_cs_client     = @@character_set_client */;
/*!40101 SET character_set_client = utf8 */;
CREATE TABLE `core_job_applicants` (
  `applicant_id` int(11) NOT NULL AUTO_INCREMENT,
  `name` varchar(45) NOT NULL,
  `email` varchar(45) NOT NULL,
  `phone` varchar(45) NOT NULL,
  `expert_at` int(11) NOT NULL,
  `equipment_capacity_id` varchar(45) DEFAULT NULL,
  `home_experience` int(11) DEFAULT '0',
  `abroad_experience` int(11) DEFAULT '0',
  `technical_skill` varchar(45) DEFAULT NULL,
  `current_salary` int(11) DEFAULT '0',
  `expected_salary` int(11) DEFAULT '0',
  `father_name` varchar(45) NOT NULL,
  `date_of_birth` date NOT NULL,
  `marital_status` enum('married','unmarried') NOT NULL,
  `nationality` varchar(45) DEFAULT 'IN',
  `permanant_address` text NOT NULL,
  `emergency_number` varchar(45) NOT NULL,
  `blood_group` varchar(30) NOT NULL,
  `gender` enum('male','female','other') NOT NULL,
  `education` varchar(45) NOT NULL,
  `aadhar` varchar(255) NOT NULL COMMENT 'aadhar file path',
  `license` varchar(255) NOT NULL COMMENT 'license file path',
  `resume` varchar(45) NOT NULL COMMENT 'resume file path',
  `photo` varchar(45) NOT NULL COMMENT 'photo file path',
  `passport` varchar(45) DEFAULT NULL COMMENT 'passport file path',
  `certificates` varchar(255) NOT NULL COMMENT 'certificates files path',
  `applicant_type` int(11) NOT NULL COMMENT '1=operator, 2=helper',
  `date_created` timestamp NOT NULL DEFAULT CURRENT_TIMESTAMP,
  PRIMARY KEY (`applicant_id`)
) ENGINE=InnoDB DEFAULT CHARSET=latin1;
/*!40101 SET character_set_client = @saved_cs_client */;

--
-- Dumping data for table `core_job_applicants`
--

LOCK TABLES `core_job_applicants` WRITE;
/*!40000 ALTER TABLE `core_job_applicants` DISABLE KEYS */;
/*!40000 ALTER TABLE `core_job_applicants` ENABLE KEYS */;
UNLOCK TABLES;

--
-- Table structure for table `core_job_applicants_language`
--

DROP TABLE IF EXISTS `core_job_applicants_language`;
/*!40101 SET @saved_cs_client     = @@character_set_client */;
/*!40101 SET character_set_client = utf8 */;
CREATE TABLE `core_job_applicants_language` (
  `applicant_language_id` int(11) NOT NULL AUTO_INCREMENT,
  `applicant_id` int(11) NOT NULL,
  `language_name` varchar(45) NOT NULL,
  `language_read` enum('biginner','expert') NOT NULL,
  `language_write` enum('biginner','expert') NOT NULL,
  `language_speak` enum('biginner','expert') NOT NULL,
  PRIMARY KEY (`applicant_language_id`),
  KEY `applicant_id` (`applicant_id`)
) ENGINE=InnoDB DEFAULT CHARSET=latin1;
/*!40101 SET character_set_client = @saved_cs_client */;

--
-- Dumping data for table `core_job_applicants_language`
--

LOCK TABLES `core_job_applicants_language` WRITE;
/*!40000 ALTER TABLE `core_job_applicants_language` DISABLE KEYS */;
/*!40000 ALTER TABLE `core_job_applicants_language` ENABLE KEYS */;
UNLOCK TABLES;

--
-- Table structure for table `core_job_applications`
--

DROP TABLE IF EXISTS `core_job_applications`;
/*!40101 SET @saved_cs_client     = @@character_set_client */;
/*!40101 SET character_set_client = utf8 */;
CREATE TABLE `core_job_applications` (
  `application_id` int(11) NOT NULL,
  `job_id` varchar(45) NOT NULL,
  `applicant_id` varchar(45) NOT NULL,
  `applied_date` timestamp NOT NULL DEFAULT CURRENT_TIMESTAMP,
  PRIMARY KEY (`application_id`),
  KEY `job_id` (`job_id`),
  KEY `applicant_id` (`applicant_id`)
) ENGINE=InnoDB DEFAULT CHARSET=latin1;
/*!40101 SET character_set_client = @saved_cs_client */;

--
-- Dumping data for table `core_job_applications`
--

LOCK TABLES `core_job_applications` WRITE;
/*!40000 ALTER TABLE `core_job_applications` DISABLE KEYS */;
/*!40000 ALTER TABLE `core_job_applications` ENABLE KEYS */;
UNLOCK TABLES;

--
-- Table structure for table `core_job_equipment_capacity`
--

DROP TABLE IF EXISTS `core_job_equipment_capacity`;
/*!40101 SET @saved_cs_client     = @@character_set_client */;
/*!40101 SET character_set_client = utf8 */;
CREATE TABLE `core_job_equipment_capacity` (
  `equipment_capacity_id` int(11) NOT NULL AUTO_INCREMENT,
  `sub_equipment_id` int(11) NOT NULL,
  `equipment_capacity_title` varchar(45) NOT NULL,
  PRIMARY KEY (`equipment_capacity_id`),
  KEY `sub_equipment_id` (`sub_equipment_id`)
) ENGINE=InnoDB DEFAULT CHARSET=latin1;
/*!40101 SET character_set_client = @saved_cs_client */;

--
-- Dumping data for table `core_job_equipment_capacity`
--

LOCK TABLES `core_job_equipment_capacity` WRITE;
/*!40000 ALTER TABLE `core_job_equipment_capacity` DISABLE KEYS */;
/*!40000 ALTER TABLE `core_job_equipment_capacity` ENABLE KEYS */;
UNLOCK TABLES;

--
-- Table structure for table `core_job_equipments`
--

DROP TABLE IF EXISTS `core_job_equipments`;
/*!40101 SET @saved_cs_client     = @@character_set_client */;
/*!40101 SET character_set_client = utf8 */;
CREATE TABLE `core_job_equipments` (
  `equipment_id` int(11) NOT NULL AUTO_INCREMENT,
  `equipment_title` varchar(45) NOT NULL,
  PRIMARY KEY (`equipment_id`)
) ENGINE=InnoDB DEFAULT CHARSET=latin1;
/*!40101 SET character_set_client = @saved_cs_client */;

--
-- Dumping data for table `core_job_equipments`
--

LOCK TABLES `core_job_equipments` WRITE;
/*!40000 ALTER TABLE `core_job_equipments` DISABLE KEYS */;
/*!40000 ALTER TABLE `core_job_equipments` ENABLE KEYS */;
UNLOCK TABLES;

--
-- Table structure for table `core_job_sub_equipment_subtype`
--

DROP TABLE IF EXISTS `core_job_sub_equipment_subtype`;
/*!40101 SET @saved_cs_client     = @@character_set_client */;
/*!40101 SET character_set_client = utf8 */;
CREATE TABLE `core_job_sub_equipment_subtype` (
  `sub_equipment_subtype_id` int(11) NOT NULL,
  `sub_equipment_id` int(11) NOT NULL,
  `equipment_subtype_title` varchar(45) NOT NULL,
  PRIMARY KEY (`sub_equipment_subtype_id`),
  KEY `sub_equipment_id` (`sub_equipment_id`)
) ENGINE=InnoDB DEFAULT CHARSET=latin1;
/*!40101 SET character_set_client = @saved_cs_client */;

--
-- Dumping data for table `core_job_sub_equipment_subtype`
--

LOCK TABLES `core_job_sub_equipment_subtype` WRITE;
/*!40000 ALTER TABLE `core_job_sub_equipment_subtype` DISABLE KEYS */;
/*!40000 ALTER TABLE `core_job_sub_equipment_subtype` ENABLE KEYS */;
UNLOCK TABLES;

--
-- Table structure for table `core_job_sub_equipments`
--

DROP TABLE IF EXISTS `core_job_sub_equipments`;
/*!40101 SET @saved_cs_client     = @@character_set_client */;
/*!40101 SET character_set_client = utf8 */;
CREATE TABLE `core_job_sub_equipments` (
  `sub_equipment_id` int(11) NOT NULL AUTO_INCREMENT,
  `sub_equipment_title` varchar(250) NOT NULL COMMENT 'Only contains Need Helper or Need\nOperator',
  `equipment_id` int(11) NOT NULL,
  PRIMARY KEY (`sub_equipment_id`),
  KEY `equipment_id` (`equipment_id`)
) ENGINE=InnoDB DEFAULT CHARSET=latin1;
/*!40101 SET character_set_client = @saved_cs_client */;

--
-- Dumping data for table `core_job_sub_equipments`
--

LOCK TABLES `core_job_sub_equipments` WRITE;
/*!40000 ALTER TABLE `core_job_sub_equipments` DISABLE KEYS */;
/*!40000 ALTER TABLE `core_job_sub_equipments` ENABLE KEYS */;
UNLOCK TABLES;

--
-- Table structure for table `core_jobs`
--

DROP TABLE IF EXISTS `core_jobs`;
/*!40101 SET @saved_cs_client     = @@character_set_client */;
/*!40101 SET character_set_client = utf8 */;
CREATE TABLE `core_jobs` (
  `job_id` int(11) NOT NULL AUTO_INCREMENT,
  `job_title` varchar(45) NOT NULL,
  `contact_person_name` varchar(45) NOT NULL,
  `contact_person_email` varchar(45) NOT NULL,
  `contact_person_phone` varchar(45) NOT NULL,
  `company_name` varchar(45) NOT NULL,
  `company_email` varchar(45) NOT NULL,
  `designation` varchar(45) NOT NULL,
  `company_address` text,
  `company_logo` varchar(45) DEFAULT NULL,
  `need_expert_on` int(11) NOT NULL,
  `experience` int(11) NOT NULL DEFAULT '0',
  `salary` int(11) NOT NULL DEFAULT '0',
  `number_of_vacancies` int(11) NOT NULL DEFAULT '0',
  `job_description` text,
  `date_created` timestamp NOT NULL DEFAULT CURRENT_TIMESTAMP,
  `user_id` int(11) NOT NULL COMMENT 'job posted by',
  `job_type` int(11) NOT NULL COMMENT '1=operator, 2=helper',
  PRIMARY KEY (`job_id`),
  KEY `user_id` (`user_id`)
) ENGINE=InnoDB DEFAULT CHARSET=latin1;
/*!40101 SET character_set_client = @saved_cs_client */;

--
-- Dumping data for table `core_jobs`
--

LOCK TABLES `core_jobs` WRITE;
/*!40000 ALTER TABLE `core_jobs` DISABLE KEYS */;
/*!40000 ALTER TABLE `core_jobs` ENABLE KEYS */;
UNLOCK TABLES;

--
-- Table structure for table `core_order_lifecycle`
--

DROP TABLE IF EXISTS `core_order_lifecycle`;
/*!40101 SET @saved_cs_client     = @@character_set_client */;
/*!40101 SET character_set_client = utf8 */;
CREATE TABLE `core_order_lifecycle` (
  `order_lifecycle_id` int(11) NOT NULL AUTO_INCREMENT,
  `product_id` int(11) NOT NULL,
  `order_id` int(11) NOT NULL,
  `user_id` int(11) NOT NULL COMMENT 'Updated by',
  `order_status` int(11) NOT NULL,
  `date_approved` timestamp NOT NULL DEFAULT CURRENT_TIMESTAMP,
  PRIMARY KEY (`order_lifecycle_id`),
  KEY `order_id` (`order_id`),
  KEY `product_id` (`product_id`),
  KEY `user_id` (`user_id`)
) ENGINE=InnoDB DEFAULT CHARSET=latin1;
/*!40101 SET character_set_client = @saved_cs_client */;

--
-- Dumping data for table `core_order_lifecycle`
--

LOCK TABLES `core_order_lifecycle` WRITE;
/*!40000 ALTER TABLE `core_order_lifecycle` DISABLE KEYS */;
/*!40000 ALTER TABLE `core_order_lifecycle` ENABLE KEYS */;
UNLOCK TABLES;

--
-- Table structure for table `core_orders`
--

DROP TABLE IF EXISTS `core_orders`;
/*!40101 SET @saved_cs_client     = @@character_set_client */;
/*!40101 SET character_set_client = utf8 */;
CREATE TABLE `core_orders` (
  `order_id` int(11) NOT NULL AUTO_INCREMENT,
  `product_id` int(11) NOT NULL,
  `user_id` int(11) NOT NULL,
  `from_date` datetime NOT NULL,
  `to_date` datetime DEFAULT NULL,
  `date_created` timestamp NOT NULL DEFAULT CURRENT_TIMESTAMP,
  `description` text,
  `type` int(11) NOT NULL COMMENT '0=hire, 1=sale, 2=both',
  `order_status` int(11) NOT NULL COMMENT '1=pending (approve by sales ex), 2= approved by\nsales manager, 3=approved, 4=rejected, 5 = re-initialized, 6=closed',
  `manual_order_code` varchar(20) DEFAULT NULL,
  `no_of_days` int(11) DEFAULT '0',
  PRIMARY KEY (`order_id`),
  KEY `product_id` (`product_id`),
  KEY `user_id` (`user_id`)
) ENGINE=InnoDB AUTO_INCREMENT=139 DEFAULT CHARSET=latin1;
/*!40101 SET character_set_client = @saved_cs_client */;

--
-- Dumping data for table `core_orders`
--

LOCK TABLES `core_orders` WRITE;
/*!40000 ALTER TABLE `core_orders` DISABLE KEYS */;
INSERT INTO `core_orders` VALUES (1,7,1022,'2017-07-26 00:00:00','2017-07-30 00:00:00','2017-07-27 11:34:10','I required this machine for LT - raily way project. ',0,1,'6781XVNJMNTM1',4),(2,6,1000,'2017-07-27 00:00:00',NULL,'2017-07-27 13:27:32','Need crane',1,1,'HW4W9C089GIP2',0),(3,6,1000,'2017-07-28 00:00:00',NULL,'2017-07-27 13:30:24','',1,1,'0NDCU11TA2Z23',0),(4,6,1000,'2017-07-27 00:00:00',NULL,'2017-07-27 13:31:20','',1,1,'CEGBV8VQT5BB4',0),(5,10,1025,'2017-07-27 00:00:00','2017-08-26 00:00:00','2017-07-27 16:48:14','test',0,1,'WMNJDPNUCYRW5',30),(6,5,1025,'2017-07-27 00:00:00','2017-08-26 00:00:00','2017-07-27 16:48:14','test',0,1,'RB5U3HUC8AGY6',30),(7,7,1025,'2017-07-27 00:00:00','2017-08-26 00:00:00','2017-07-27 16:48:14','test',0,1,'KQTF0M0MZEW27',30),(8,9,1025,'2017-07-28 00:00:00',NULL,'2017-07-27 17:44:43','equipment in good condition.',2,1,'MBOWXB2T254B8',0),(9,10,1027,'2017-07-28 00:00:00','2017-08-02 00:00:00','2017-07-28 05:12:19','',0,1,'EJ3Y9PXYDZOV9',5),(10,15,1026,'2017-07-28 00:00:00',NULL,'2017-07-28 10:24:08','Need Now',2,1,'Y0ZKGWBO3W610',0),(11,13,1026,'2017-07-29 00:00:00',NULL,'2017-07-28 10:52:17','',1,1,'U644YLEMQWS11',0),(12,3,1026,'2017-07-29 00:00:00',NULL,'2017-07-28 10:52:17','',1,1,'859Z38NYT0N12',0),(13,22,1000,'2017-07-31 00:00:00','2017-08-02 00:00:00','2017-07-28 14:07:04','',0,1,'4MIMS9U2VF613',2),(14,20,1027,'2017-08-01 00:00:00','2018-01-28 00:00:00','2017-07-29 12:43:17','vvsvs',0,1,'GMPXGYEGM5R14',180),(15,14,1027,'2017-08-01 00:00:00','2018-01-28 00:00:00','2017-07-29 12:43:20','vvsvs',0,1,'3076RB4IT6F15',180),(16,10,1027,'2017-08-01 00:00:00','2018-01-28 00:00:00','2017-07-29 12:43:22','vvsvs',0,1,'2PT6VI2T09516',180),(17,7,1027,'2017-08-01 00:00:00','2018-01-28 00:00:00','2017-07-29 12:43:23','vvsvs',0,1,'FWC41IGW09N17',180),(18,12,1026,'2017-08-03 00:00:00',NULL,'2017-07-31 07:33:08','Require urgently',1,1,'8SBNSVXASFT18',0),(19,6,1026,'2017-08-03 00:00:00',NULL,'2017-07-31 07:33:12','Require urgently',1,1,'FNGT3XJS4FE19',0),(20,21,1026,'2017-08-03 00:00:00',NULL,'2017-07-31 07:33:13','Require urgently',1,1,'20850XQD0PW20',0),(21,28,1026,'2017-08-05 00:00:00','2017-08-19 00:00:00','2017-07-31 07:35:17','good',0,1,'SX7AIF238M821',14),(22,27,1026,'2017-08-05 00:00:00','2017-08-19 00:00:00','2017-07-31 07:35:20','good',0,1,'MWTD4SQ30Z622',14),(23,26,1026,'2017-08-05 00:00:00','2017-08-19 00:00:00','2017-07-31 07:35:22','good',0,1,'8GQYVV6N0PA23',14),(24,21,1026,'2017-08-05 00:00:00',NULL,'2017-07-31 08:20:59','',1,1,'FTK58GJCDPW24',0),(25,21,1026,'2017-08-05 00:00:00',NULL,'2017-07-31 08:21:32','JHGJG',1,1,'ILNMAC3ZU9P25',0),(26,12,1026,'2017-08-05 00:00:00',NULL,'2017-07-31 08:21:37','JHGJG',1,1,'1G91WAJQDXV26',0),(27,38,1000,'2017-07-31 00:00:00','2017-10-01 00:00:00','2017-07-31 14:29:58','',0,1,'K3T7UHKZRIM27',2),(28,10,1000,'2017-07-31 00:00:00','2017-08-02 00:00:00','2017-07-31 14:30:59','',0,1,'IYZ57W7G5O328',2),(29,35,1000,'2017-07-31 00:00:00',NULL,'2017-07-31 14:31:31','',1,1,'HG2WZQ640LD29',0),(30,12,1026,'2017-08-23 00:00:00',NULL,'2017-08-01 06:33:49','',1,1,'YSX7DQ67G8V30',0),(31,21,1026,'2017-08-23 00:00:00',NULL,'2017-08-01 06:33:54','',1,1,'D1W3GZO3U2931',0),(32,31,1000,'2017-08-02 00:00:00','2017-08-05 00:00:00','2017-08-02 07:27:43','',0,1,'88A99JA6UZ832',3),(33,10,1000,'2017-08-02 00:00:00','2017-08-05 00:00:00','2017-08-02 07:27:48','',0,1,'AG4NHBXGOEM33',3),(34,35,1000,'2017-08-03 00:00:00',NULL,'2017-08-02 07:28:34','',1,1,'IJNGVRGQ53H34',0),(35,94,1029,'2017-08-10 00:00:00','2017-11-10 00:00:00','2017-08-04 11:13:26','',0,1,'Y5RS00B5FG335',3),(36,20,1029,'2017-08-17 00:00:00','2017-08-20 00:00:00','2017-08-04 11:18:26','',0,1,'C7MEJ4AJO5Y36',3),(37,100,1023,'2017-08-16 00:00:00','2017-09-19 00:00:00','2017-08-07 09:50:12','',0,1,'90WO2RWOQFM37',34),(38,80,1000,'2017-08-16 00:00:00','2017-09-16 00:00:00','2017-08-07 09:50:18','',0,1,'WCG0MG79BJJ38',1),(39,94,1000,'2017-08-17 00:00:00','2017-08-29 00:00:00','2017-08-07 09:51:35','',0,1,'6W05JVFGE2L39',12),(40,93,1000,'2017-08-17 00:00:00','2017-08-29 00:00:00','2017-08-07 09:51:35','',0,1,'5FZOU1I5AIB40',12),(41,98,1023,'2017-08-24 00:00:00',NULL,'2017-08-07 09:52:15','',2,1,'M2INA284EGC41',0),(42,36,1023,'2017-08-29 00:00:00',NULL,'2017-08-07 09:53:58','',2,1,'QTYYARZ1K7142',0),(43,98,1031,'2017-08-22 00:00:00',NULL,'2017-08-07 10:00:07','',2,1,'69GNHT1AOAI43',0),(44,77,1026,'2017-08-23 00:00:00','2017-10-23 00:00:00','2017-08-07 11:06:21','',0,1,'2ZFAR28XGQ244',2),(45,94,1028,'2017-08-30 00:00:00','2017-11-30 00:00:00','2017-08-08 07:57:16','good',0,1,'RH3KRV0GSNY45',3),(46,92,1000,'2017-08-17 00:00:00','2017-09-17 00:00:00','2017-08-09 09:17:16','',0,1,'CCT2000X0002E',1),(47,94,1033,'2017-08-10 00:00:00','2017-09-10 00:00:00','2017-08-09 11:58:02','',0,1,'CAT2000X0002F',1),(48,97,1033,'2017-08-19 00:00:00','2017-08-20 00:00:00','2017-08-10 07:31:03','jjnkj',0,1,'GEV1234X00030',1),(49,97,1033,'2017-08-16 00:00:00','2017-08-17 00:00:00','2017-08-10 07:31:29','jkhj',0,1,'GEV1234X00031',1),(50,92,1033,'2017-08-30 00:00:00','2017-09-30 00:00:00','2017-08-10 07:32:25','',0,1,'CCT2000X00032',1),(51,94,1027,'2017-08-30 00:00:00','2017-11-30 00:00:00','2017-08-10 07:43:33','vhghh',0,1,'CAT2000X00033',3),(52,74,1027,'2017-08-16 00:00:00','2017-09-16 00:00:00','2017-08-10 07:47:35','xvg',0,1,'PCL0200X00034',1),(53,94,1034,'2017-09-01 00:00:00','2018-02-01 00:00:00','2017-08-10 09:49:56','Need this crane for my project -J',0,1,'CAT2000X00035',5),(54,96,1034,'2017-09-01 00:00:00',NULL,'2017-08-10 09:52:55','Is this a new or old generator? I want to buy it in two weeks. -J',1,1,'GAE2500Y00036',0),(55,99,1034,'2017-09-01 00:00:00','2017-09-26 00:00:00','2017-08-10 09:59:28','I want to hire this crane for 25 days. -J',0,6,'GAE0220X00037',25),(56,101,1034,'2017-08-18 00:00:00',NULL,'2017-08-10 10:01:15','Hi. I would like to buy this equipment. Make me an offer. -J',1,1,'ELR0450Y00038',0),(57,94,1029,'2017-08-11 00:00:00','2017-10-11 00:00:00','2017-08-10 13:35:18','',0,1,'CAT2000X00039',2),(58,20,1029,'2017-08-10 00:00:00','2017-08-12 00:00:00','2017-08-10 13:37:44','we need this JCB Crane for 2 days',0,1,'CRT0150X0003A',2),(59,102,1033,'2017-08-14 00:00:00','2017-08-19 00:00:00','2017-08-11 05:06:13','',0,1,'CHD0250X0003B',5),(60,102,1027,'2017-08-24 00:00:00','2017-08-27 00:00:00','2017-08-11 05:38:32','GSGF',0,6,'CHD0250X0003C',3),(61,102,1023,'2017-08-11 00:00:00','2017-08-13 00:00:00','2017-08-11 05:58:56','I need this crane for 2 days',0,1,'CHD0250X0003D',2),(62,104,1027,'2017-08-25 00:00:00',NULL,'2017-08-11 06:00:28','',1,1,'CCT0250Y0003E',0),(63,102,1029,'2017-08-11 00:00:00','2017-08-16 00:00:00','2017-08-11 06:11:48','I need this crane for 5 days',0,1,'CHD0250X0003F',5),(64,103,1027,'2017-08-30 00:00:00','2017-10-29 00:00:00','2017-08-11 06:14:09','',0,1,'PDW0250X00040',60),(65,90,1027,'2017-08-30 00:00:00','2017-10-29 00:00:00','2017-08-11 06:14:09','',0,1,'PCL0260X00041',60),(66,77,1027,'2017-08-30 00:00:00','2017-10-29 00:00:00','2017-08-11 06:14:09','',0,1,'PDW0120X00042',60),(67,103,1034,'2017-09-01 00:00:00','2017-10-11 00:00:00','2017-08-11 07:22:45','Hi. This is Jani. Please contact me. Thanks',0,1,'PDW0250X00043',40),(68,88,1033,'2017-08-17 00:00:00',NULL,'2017-08-11 09:15:21','',1,1,'CAT0015Y00044',0),(69,39,1033,'2017-08-30 00:00:00',NULL,'2017-08-11 09:15:35','',1,1,'CRT0300Y00045',0),(70,102,1029,'2017-08-11 00:00:00','2017-08-17 00:00:00','2017-08-11 09:30:16','I need this crane for 6 days.',0,1,'CHD0250X00046',6),(71,98,1027,'2017-08-24 00:00:00',NULL,'2017-08-11 11:19:05','Hi\r\n',1,1,'GIN2750Y00047',0),(72,93,1034,'2017-09-01 00:00:00','2017-09-24 00:00:00','2017-08-11 12:02:43','Need to hire this crane in Vizag. Please call. -J',0,1,'CCT2000X00048',23),(73,88,1034,'2017-09-01 00:00:00',NULL,'2017-08-11 12:09:10','Hi, I want to buy this crane for a reasonable price',1,1,'CAT0015Y00049',0),(74,106,1033,'2017-08-31 00:00:00','2017-12-31 00:00:00','2017-08-12 06:27:35','',0,1,'CCR0275X0004A',4),(75,88,1033,'2017-08-22 00:00:00',NULL,'2017-08-12 07:42:30','',1,1,'CAT0015Y0004B',0),(76,110,1033,'2017-08-17 00:00:00','2017-08-22 00:00:00','2017-08-16 06:30:27','',0,1,'CAT0123X0004C',5),(77,107,1033,'2017-08-17 00:00:00',NULL,'2017-08-16 06:35:03','',1,1,'GIN0250Y0004D',0),(78,107,1033,'2017-08-26 00:00:00',NULL,'2017-08-16 06:36:44','',1,1,'GIN0250Y0004E',0),(79,24,1033,'2017-08-18 00:00:00','2017-11-18 00:00:00','2017-08-16 06:38:24','',0,1,'CAT0125X0004F',3),(80,27,1033,'2017-08-23 00:00:00','2018-01-23 00:00:00','2017-08-16 06:39:54','',0,1,'CPH0035X00050',5),(81,102,1022,'2017-08-17 00:00:00','2017-08-19 00:00:00','2017-08-17 08:58:57','',0,1,'CHD0250X00051',2),(82,110,1032,'2017-08-18 00:00:00','2017-08-20 00:00:00','2017-08-17 09:34:29','Testing Check availability',0,1,'CAT0123X00052',2),(83,105,1022,'2017-09-06 00:00:00','2018-09-06 00:00:00','2017-08-17 09:40:12','2',0,6,'CTC0005X00053',12),(84,113,1033,'2017-08-23 00:00:00','2017-08-27 00:00:00','2017-08-17 11:32:58','',0,1,'GIN0150X00054',4),(85,113,1033,'2017-08-25 00:00:00','2017-08-30 00:00:00','2017-08-17 11:34:02','',0,1,'GIN0150X00055',5),(86,110,1033,'2017-08-25 00:00:00','2017-08-30 00:00:00','2017-08-17 11:34:02','',0,1,'CAT0123X00056',5),(87,106,1033,'2017-08-25 00:00:00','2017-08-30 00:00:00','2017-08-17 11:34:03','',0,1,'CCR0275X00057',5),(88,20,1033,'2017-08-22 00:00:00','2017-08-27 00:00:00','2017-08-18 06:51:12',NULL,0,0,'CRT150 TONSX00058',5),(89,47,1033,'2017-08-15 00:00:00','2017-08-21 00:00:00','2017-08-18 07:36:08',NULL,0,0,'ECC100 TONSX00059',6),(90,32,1033,'2017-08-22 00:00:00','2017-08-26 00:00:00','2017-08-18 08:54:06',NULL,0,0,'DCO22 TONSX0005A',4),(91,23,1033,'2017-08-23 00:00:00','2017-08-31 00:00:00','2017-08-18 09:19:14',NULL,0,0,'GEV2000 KVAX0005B',8),(94,31,1041,'2017-08-21 00:00:00','2017-08-31 00:00:00','2017-08-20 17:21:56',NULL,0,0,'CCR50 TONSX0005E',10),(95,35,1041,'2017-08-20 13:31:39',NULL,'2017-08-20 17:31:39',NULL,0,0,'CCR75 TONSY0005F',0),(96,31,1041,'2017-08-21 00:00:00','2017-08-31 00:00:00','2017-08-20 18:42:52',NULL,0,0,'CCR0050X00060',10),(97,22,1041,'2017-08-21 00:00:00','2017-08-31 00:00:00','2017-08-20 18:54:36',NULL,0,0,'PTM0350X00061',10),(98,110,1033,'2017-08-26 00:00:00','2017-08-31 00:00:00','2017-08-21 04:55:43','',0,1,'CAT0123X00062',5),(99,123,1033,'2017-08-24 00:00:00','1970-01-01 00:00:00','2017-08-21 04:59:14','',1,1,'DAG0150Y00063',NULL),(100,115,1032,'2017-08-22 00:00:00','2018-01-22 00:00:00','2017-08-21 05:38:20','',0,1,'DAG0005X00064',5),(101,104,1032,'2017-08-30 00:00:00','1970-01-01 00:00:00','2017-08-21 05:41:14','',1,1,'CCT0250Y00065',NULL),(102,128,1032,'2017-08-31 00:00:00','2017-09-02 00:00:00','2017-08-21 12:35:37','',0,1,'CAT0050X00066',2),(103,133,1033,'2017-08-30 00:00:00','2017-09-02 00:00:00','2017-08-22 08:20:51','',0,1,'CCR0000X00067',3),(104,126,1033,'2017-08-31 00:00:00','2017-09-03 00:00:00','2017-08-23 05:29:50','',0,1,'CCR0050X00068',3),(105,34,1033,'2017-08-26 00:00:00','1970-01-01 00:00:00','2017-08-23 06:14:06','',1,1,'PRH0135Y00069',NULL),(106,149,1032,'2017-08-29 00:00:00','2017-09-28 00:00:00','2017-08-29 12:48:27','Testing for order .\r\nThis is pushpa',0,1,'CAT0030X0006A',30),(107,149,1045,'2017-09-05 00:00:00','2017-12-04 00:00:00','2017-08-30 06:34:35','Urgently require',0,1,'CAT0030X0006B',90),(108,105,1033,'2017-09-08 00:00:00','2017-09-14 00:00:00','2017-08-31 06:09:22',NULL,0,0,'CTC0005X0006C',6),(109,105,1033,'2017-09-08 00:00:00','2018-03-08 00:00:00','2017-08-31 06:11:04','',0,1,'CTC0005X0006D',6),(110,120,1033,'2017-09-08 00:00:00','2017-09-14 00:00:00','2017-08-31 06:12:38',NULL,0,0,'PRH0260X0006E',6),(111,145,1033,'2017-09-08 00:00:00','2017-09-14 00:00:00','2017-08-31 06:13:20',NULL,0,0,'DAG0150X0006F',6),(112,146,1033,'2017-08-31 02:14:31',NULL,'2017-08-31 06:14:31',NULL,0,0,'GAE0003Y00070',0),(113,147,1027,'2017-08-15 00:00:00','2017-11-13 00:00:00','2017-08-31 17:18:48',NULL,0,0,'CAT0030X00071',90),(114,172,1027,'2017-09-15 00:00:00','2017-10-15 00:00:00','2017-09-01 06:52:39','REQUIRE URGENTLY',0,1,'CAT0300X00072',1),(115,174,1033,'2017-09-30 00:00:00','2017-12-30 00:00:00','2017-09-02 06:32:34','',0,1,'CAT0100X00073',3),(116,174,1033,'2017-09-30 00:00:00','2018-03-30 00:00:00','2017-09-02 06:35:24','',0,1,'CAT0100X00074',6),(117,120,1033,'2017-09-15 00:00:00','2018-03-15 00:00:00','2017-09-02 06:58:46','',0,1,'PRH0260X00075',6),(118,145,1033,'2017-09-22 00:00:00','2017-09-27 00:00:00','2017-09-02 06:59:56','',0,1,'DAG0150X00076',5),(119,145,1033,'2017-09-14 00:00:00','2017-09-18 00:00:00','2017-09-02 07:05:54','',0,1,'DAG0150X00077',4),(120,170,1033,'2017-09-24 00:00:00','1970-01-01 05:30:00','2017-09-02 07:20:00','',1,1,'CCR0150Y00078',NULL),(121,146,1033,'2017-09-28 00:00:00','1970-01-01 05:30:00','2017-09-02 07:29:43','',1,1,'GAE0003Y00079',NULL),(122,184,1026,'2017-09-22 00:00:00','2017-11-22 00:00:00','2017-09-08 11:24:30','',0,1,'CAT0180X0007A',2),(123,105,1033,'2017-09-22 00:00:00','2154-08-15 00:00:00','2017-09-11 05:14:55',NULL,0,0,'CTC0005X0007B',50000),(124,149,1048,'2017-09-11 01:40:11',NULL,'2017-09-11 05:40:11',NULL,0,0,'CAT00300007C',0),(125,150,1048,'2017-09-28 00:00:00','2017-10-06 00:00:00','2017-09-11 05:46:36',NULL,0,0,'PCL0050X0007D',8),(126,152,1048,'2017-09-11 01:49:40',NULL,'2017-09-11 05:49:40',NULL,0,0,'PDW00700007E',0),(127,153,1048,'2017-09-30 00:00:00','2017-10-09 00:00:00','2017-09-11 05:52:04',NULL,0,0,'EBH0070X0007F',9),(128,155,1048,'2017-09-11 01:54:55',NULL,'2017-09-11 05:54:55',NULL,0,0,'ECC020000080',0),(129,156,1048,'2017-09-27 00:00:00','2017-10-06 00:00:00','2017-09-11 05:57:30',NULL,0,0,'DAG0050X00081',9),(130,158,1048,'2017-09-11 02:00:33',NULL,'2017-09-11 06:00:33',NULL,0,0,'DAG0050Y00082',0),(131,160,1048,'2017-09-28 00:00:00','2017-10-06 00:00:00','2017-09-11 06:03:06',NULL,0,0,'GAP000700083',8),(132,161,1048,'2017-09-11 02:05:03',NULL,'2017-09-11 06:05:03',NULL,0,0,'GCW0009Y00084',0),(133,120,1033,'2017-09-22 00:00:00','2017-10-22 00:00:00','2017-09-11 09:42:13','',0,1,'PRH0260X00085',1),(134,150,1026,'2017-09-18 00:00:00','2017-09-20 00:00:00','2017-09-18 16:11:20',NULL,0,0,'PCL0050X00086',2),(135,154,1026,'2017-09-18 12:12:26',NULL,'2017-09-18 16:12:26',NULL,0,0,'ECC0020Y00087',0),(136,121,1026,'2017-09-18 00:00:00','2017-09-21 00:00:00','2017-09-18 16:14:49',NULL,0,0,'EDL0030X00088',3),(137,232,1022,'2017-09-28 00:00:00','2017-10-10 00:00:00','2017-09-22 06:17:56','Testing HIRE from the production servers. ',0,1,'CCT0020X00089',12),(138,232,1022,'2017-09-29 00:00:00','2017-10-20 00:00:00','2017-09-22 06:20:15','We are testing the HIRE functionality in the AWS. Please ignore this product. ',0,1,'CCT0020X0008A',21);
/*!40000 ALTER TABLE `core_orders` ENABLE KEYS */;
UNLOCK TABLES;

--
-- Table structure for table `core_payments`
--

DROP TABLE IF EXISTS `core_payments`;
/*!40101 SET @saved_cs_client     = @@character_set_client */;
/*!40101 SET character_set_client = utf8 */;
CREATE TABLE `core_payments` (
  `payment_id` int(11) NOT NULL AUTO_INCREMENT,
  `before_order_id` varchar(13) NOT NULL,
  `created_on` timestamp NOT NULL DEFAULT CURRENT_TIMESTAMP ON UPDATE CURRENT_TIMESTAMP,
  `amount_actual` float NOT NULL,
  `amount_paid` float NOT NULL,
  `payment_status` varchar(50) NOT NULL,
  `tracking_id` varchar(25) DEFAULT NULL,
  `failure_message` varchar(255) DEFAULT NULL,
  `billing_name` varchar(50) DEFAULT NULL,
  `billing_phone` varchar(20) DEFAULT NULL,
  `billing_email` varchar(100) DEFAULT NULL,
  `billing_comments` varchar(255) DEFAULT NULL,
  `billing_time` datetime DEFAULT NULL,
  `bank_reference_number` varchar(20) DEFAULT NULL,
  `after_order_id` varchar(25) DEFAULT NULL,
  `user_id` int(11) NOT NULL,
  `order_status` varchar(45) DEFAULT NULL,
  `response` text,
  PRIMARY KEY (`payment_id`)
) ENGINE=InnoDB AUTO_INCREMENT=1036 DEFAULT CHARSET=latin1;
/*!40101 SET character_set_client = @saved_cs_client */;

--
-- Dumping data for table `core_payments`
--

LOCK TABLES `core_payments` WRITE;
/*!40000 ALTER TABLE `core_payments` DISABLE KEYS */;
INSERT INTO `core_payments` VALUES (1000,'DEI17PA100018','2017-08-19 16:43:20',50000,0,'Not Paid','1503161000',NULL,'Akram','8977964821','sk.ijaz@gmail.com','','2017-08-19 16:43:20',NULL,NULL,1022,NULL,NULL),(1001,'DEI17PA100019','2017-08-19 16:44:36',50000,0,'Not Paid','1503161076',NULL,'Akram','8977964821','sk.ijaz@gmail.com','','2017-08-19 16:44:36',NULL,NULL,1022,NULL,NULL),(1002,'DEI17PS200075','2017-08-19 16:57:20',5000,0,'Not Paid','1503161840',NULL,'basaveswar','9030880086','basaveswar.allaka@devrabbit.com','','2017-08-19 16:57:20',NULL,NULL,1000,NULL,NULL),(1003,'DEI17PX200076','2017-08-19 17:00:22',5000,0,'Not Paid','1503162022',NULL,'basaveswar','9030880086','basaveswar.allaka@devrabbit.com','','2017-08-19 17:00:22',NULL,NULL,1000,NULL,NULL),(1004,'DEI17PX200077','2017-08-19 17:08:17',5000,0,'Not Paid','1503162497',NULL,'basaveswar','9030880086','basaveswar.allaka@devrabbit.com','','2017-08-19 17:08:17',NULL,NULL,1000,NULL,NULL),(1005,'DEI17PS200078','2017-08-21 04:18:08',10000,0,'Not Paid','1503289088',NULL,'Goutham','9642700766','bigcranesindia@gmail.com','','2017-08-21 04:18:08',NULL,NULL,1026,NULL,NULL),(1006,'DEI17PS200079','2017-08-21 04:30:42',10000,0,'Not Paid','1503289842',NULL,'ABC Suppliers','9703179760','y.yamini6@gmail.com','','2017-08-21 04:30:42',NULL,NULL,1033,NULL,NULL),(1007,'DEI17PX20007B','2017-08-21 04:54:47',5000,0,'Not Paid','1503291287',NULL,'pushpa','9603118333','pushpa.pl03@gmail.com','','2017-08-21 04:54:47',NULL,NULL,1032,NULL,NULL),(1008,'DEI17PS20007C','2017-08-21 05:18:32',5000,0,'Not Paid','1503292712',NULL,'ABC Suppliers','9703179760','y.yamini6@gmail.com','','2017-08-21 05:18:32',NULL,NULL,1033,NULL,NULL),(1009,'DEI17PA10001A','2017-08-21 06:35:29',50000,0,'Not Paid','1503297329',NULL,'ABC Suppliers','9703179760','y.yamini6@gmail.com','','2017-08-21 06:35:29',NULL,NULL,1033,NULL,NULL),(1010,'DEI17PS20007D','2017-08-21 07:09:58',5000,0,'Not Paid','1503299398',NULL,'Jani MMS','9573660380','jani.0714@mihirmobile.com','','2017-08-21 07:09:58',NULL,NULL,1042,NULL,NULL),(1011,'DEI17PS20007E','2017-08-21 07:33:05',5000,0,'Not Paid','1503300785',NULL,'Jani MMS','9573660380','jani.0714@mihirmobile.com','','2017-08-21 07:33:05',NULL,NULL,1042,NULL,NULL),(1012,'DEI17PX20007F','2017-08-21 07:37:37',5000,0,'Not Paid','1503301057',NULL,'Jani MMS','9573660380','jani.0714@mihirmobile.com','','2017-08-21 07:37:37',NULL,NULL,1042,NULL,NULL),(1013,'DEI17PS200080','2017-08-21 07:59:14',5000,0,'Not Paid','1503302354',NULL,'ABC Suppliers','9703179760','y.yamini6@gmail.com','','2017-08-21 07:59:14',NULL,NULL,1033,NULL,NULL),(1014,'DEI17PA20001D','2017-08-21 14:41:58',15000,0,'Not Paid','1503326518',NULL,'basaveswar','9030880086','basaveswar.allaka@devrabbit.com','','2017-08-21 14:41:58',NULL,NULL,1000,NULL,NULL),(1015,'DEI17PX200081','2017-08-21 14:43:28',5000,0,'Not Paid','1503326608',NULL,'basaveswar','9030880086','basaveswar.allaka@devrabbit.com','','2017-08-21 14:43:28',NULL,NULL,1000,NULL,NULL),(1016,'DEI17PS200086','2017-08-22 04:26:13',5000,0,'Not Paid','1503375973',NULL,'Goutham','9642700766','bigcranesindia@gmail.com','','2017-08-22 04:26:13',NULL,NULL,1026,NULL,NULL),(1017,'DEI17PS200087','2017-08-22 04:36:56',5000,0,'Not Paid','1503376616',NULL,'Goutham','9642700766','bigcranesindia@gmail.com','','2017-08-22 04:36:56',NULL,NULL,1026,NULL,NULL),(1018,'DEI17PA10001E','2017-08-22 04:44:32',5000,0,'Not Paid','1503377072',NULL,'Goutham','9642700766','bigcranesindia@gmail.com','','2017-08-22 04:44:32',NULL,NULL,1026,NULL,NULL),(1019,'DEI17PS200088','2017-08-22 07:42:20',5000,0,'Not Paid','1503387740',NULL,'ABC Suppliers','9703179760','y.yamini6@gmail.com','','2017-08-22 07:42:20',NULL,NULL,1033,NULL,NULL),(1020,'DEI17PA30001F','2017-08-22 10:05:17',30000,0,'Not Paid','1503396317',NULL,'Akram','8977964821','sk.ijaz@gmail.com','','2017-08-22 10:05:17',NULL,NULL,1022,'Initiated',NULL),(1021,'DEI17PA100020','2017-08-22 10:15:00',5000,0,'Not Paid','1503396900',NULL,'basaveswar','9030880086','basaveswar.allaka@devrabbit.com','','2017-08-22 10:15:00',NULL,NULL,1000,'Initiated',NULL),(1022,'DEI17PA100021','2017-08-22 10:16:43',5000,0,'Not Paid','1503397003',NULL,'basaveswar','9030880086','basaveswar.allaka@devrabbit.com','','2017-08-22 10:16:43',NULL,NULL,1000,'Initiated',NULL),(1023,'DEI17PA300022','2017-08-22 11:10:25',30000,0,'Not Paid','1503400225',NULL,'Akram','8977964821','sk.ijaz@gmail.com','','2017-08-22 11:10:25',NULL,NULL,1022,'Initiated',NULL),(1024,'DEI17PA200023','2017-08-22 11:12:58',15000,0,'Not Paid','1503400378',NULL,'Akram','8977964821','sk.ijaz@gmail.com','','2017-08-22 11:12:58',NULL,NULL,1022,'Initiated',NULL),(1025,'DEI17PS200089','2017-08-22 11:17:26',5000,0,'Not Paid','1503400646',NULL,'Akram','8977964821','sk.ijaz@gmail.com','','2017-08-22 11:17:26',NULL,NULL,1022,'Initiated',NULL),(1026,'DEI17PA300024','2017-08-22 11:34:21',30000,0,'Not Paid','1503401661',NULL,'Akram','8977964821','sk.ijaz@gmail.com','','2017-08-22 11:34:21',NULL,NULL,1022,'Initiated',NULL),(1027,'DEI17PA100025','2017-08-22 11:55:36',5000,0,'Not Paid','1503402936',NULL,'Akram','8977964821','sk.ijaz@gmail.com','','2017-08-22 11:55:36',NULL,NULL,1022,'Initiated',NULL),(1028,'DEI17PS20008A','2017-08-22 16:29:28',5000,0,'Not Paid','1503419368',NULL,'Goutham','9642700766','bigcranesindia@gmail.com','','2017-08-22 16:29:28',NULL,NULL,1026,'Initiated',NULL),(1029,'DEI17PA100026','2017-08-23 04:57:07',5000,0,'Not Paid','1503464227',NULL,'ABC Suppliers','9703179760','y.yamini6@gmail.com','','2017-08-23 04:57:07',NULL,NULL,1033,'Initiated',NULL),(1030,'DEI17PA100027','2017-08-23 04:58:08',5000,0,'Not Paid','1503464288',NULL,'ABC Suppliers','9703179760','y.yamini6@gmail.com','','2017-08-23 04:58:08',NULL,NULL,1033,'Initiated',NULL),(1031,'DEI17PS20008B','2017-08-23 05:14:45',5000,0,'Not Paid','1503465285',NULL,'ABC Suppliers','9703179760','y.yamini6@gmail.com','','2017-08-23 05:14:45',NULL,NULL,1033,'Initiated',NULL),(1032,'DEI17PS20008C','2017-08-23 05:17:56',5000,0,'Not Paid','1503465475',NULL,'ABC Suppliers','9703179760','y.yamini6@gmail.com','','2017-08-23 05:17:55',NULL,NULL,1033,'Initiated',NULL),(1033,'DEI17PS20008D','2017-08-23 05:18:54',5000,0,'Not Paid','1503465534',NULL,'ABC Suppliers','9703179760','y.yamini6@gmail.com','','2017-08-23 05:18:54',NULL,NULL,1033,'Initiated',NULL),(1034,'DEI17PA300029','2017-08-23 11:06:28',300000,0,'Not Paid','1503486388',NULL,'Akram','8977964821','sk.ijaz@gmail.com','','2017-08-23 16:36:28',NULL,NULL,1022,'Initiated',NULL),(1035,'DEI17PX200090','2017-08-23 12:00:09',5000,0,'Not Paid','1503489609',NULL,'ABC Suppliers','9703179760','y.yamini6@gmail.com','','2017-08-23 17:30:09',NULL,NULL,1033,'Initiated',NULL);
/*!40000 ALTER TABLE `core_payments` ENABLE KEYS */;
UNLOCK TABLES;

--
-- Table structure for table `core_post_ads`
--

DROP TABLE IF EXISTS `core_post_ads`;
/*!40101 SET @saved_cs_client     = @@character_set_client */;
/*!40101 SET character_set_client = utf8 */;
CREATE TABLE `core_post_ads` (
  `ad_id` int(11) NOT NULL AUTO_INCREMENT,
  `ad_name` varchar(255) NOT NULL,
  `user_id` int(11) NOT NULL,
  `ad_title` varchar(500) NOT NULL,
  `description` text NOT NULL,
  `image_url` text NOT NULL,
  `ad_status` int(11) NOT NULL COMMENT '0=Pending,1=Approved',
  `ad_weblink` varchar(250) NOT NULL,
  `ad_expire` datetime NOT NULL,
  PRIMARY KEY (`ad_id`)
) ENGINE=MyISAM AUTO_INCREMENT=33 DEFAULT CHARSET=latin1;
/*!40101 SET character_set_client = @saved_cs_client */;

--
-- Dumping data for table `core_post_ads`
--

LOCK TABLES `core_post_ads` WRITE;
/*!40000 ALTER TABLE `core_post_ads` DISABLE KEYS */;
INSERT INTO `core_post_ads` VALUES (1,'ABC Suppliers',1033,'Digital Equipments india','Digital Equipments india','',2,'http://digitalequipmentsindia.com','2017-10-31 23:59:59'),(2,'Jani Nemana',1034,'Ganesh Chaturthi','Happy Ganesh Chaturthi','',0,'http://digitalequipmentsindia.com','2017-10-31 23:59:59'),(3,'ABC Suppliers',1033,'Promotional Offer','','',0,'http://digitalequipmentsindia.com','2017-10-31 23:59:59'),(4,'Akram',1022,'Dev Rabbit - Testing','Dev Rabbit - Testing','',0,'http://devrabbit.com','2017-10-31 23:59:59'),(5,'basaveswar',1000,'DEI ad from devrabbit','DEI ad from devrabbit testing','',0,'http://digitalequipmentsindia.com/','2017-10-31 23:59:59'),(6,'basaveswar',1000,'DEI ad from devrabbit','DEI ad from devrabbit testing','',0,'http://digitalequipmentsindia.com/','2017-10-31 23:59:59'),(7,'basaveswar',1000,'DEI ad from devrabbit','DEI ad from devrabbit testing ','',0,'http://digitalequipmentsindia.com/','2017-10-31 23:59:59'),(8,'ABC Suppliers',1033,'TEST','','',0,'http://www.digitalequipmentsindia.com','2017-10-31 23:59:59'),(9,'ABC Suppliers',1033,'test','TEST ADS','',0,'http://digitalequipmentsindia.com','2017-10-31 23:59:59'),(10,'ABC Suppliers',1033,'DEI Ad','','',0,'http://www.digitalequipmentsindia.com','2017-10-31 23:59:59'),(11,'Jani Nemana',1033,'ADVT FOR KOCHI METRO','','',0,'http://www.digitalequipmentsindia.com','2017-10-31 23:59:59'),(12,'Mathiazhagan S',1051,'Sakthi Crane Service','','',0,'','2017-10-31 23:59:59'),(13,'Amir Sony',1052,'P&H 440','In excellent condition','',0,'http://tinyurl.com/yafgk3vg','2017-10-31 23:59:59'),(14,'Amir Sony',1052,'P&H 335','In excellent condition','',0,'http://tinyurl.com/ycfsoewz','2017-10-31 23:59:59'),(15,'ABC Suppliers',1033,'test','','',0,'www.digitalequipmentsundia.com','2017-10-07 00:00:00'),(16,'ABC Suppliers',1033,'test','','',0,'www.digitalequipmentsindia.com','2017-10-07 00:00:00'),(17,'Jani Nemana',1034,'Test','','',0,'www.digitalequipmentsindia.com','2017-10-07 00:00:00'),(18,'Jani Nemana',1034,'test','','',0,'','2017-10-07 00:00:00'),(19,'ABC Suppliers',1033,'test','','',0,'','2017-10-08 00:00:00'),(20,'ABC Suppliers',1033,'test','','',0,'','2017-10-08 00:00:00'),(21,'ABC Suppliers',1033,'test','','',0,'','2017-10-08 00:00:00'),(22,'Jani Nemana',1034,'Test','','',0,'','2017-10-11 00:00:00'),(23,'Jani Nemana',1034,'test','','',0,'','2017-10-11 00:00:00'),(24,'DIGITAL EQUIPMENTS INDIA',1066,'REQUIREMENT FOR GUJARAT FOR 2 CRANES','REQUIREMENT FOR GUJARAT FOR 2 CRANES','',0,'http://digitalequipmentsindia.com','2017-10-31 23:59:59'),(25,'ABC Suppliers',1033,'test','','',0,'','2017-10-16 00:00:00'),(26,'ABC Suppliers',1033,'test','','',0,'','2017-10-31 23:59:59'),(27,'ABC Suppliers',1033,'test1','','',0,'','2017-10-31 23:59:59'),(28,'ABC Suppliers',1033,'test','','',0,'','2017-10-31 23:59:59'),(29,'basaveswar',1000,'P&H 335','','',0,'http://tinyurl.com/ycfsoewz','2017-10-31 23:59:59'),(30,'basaveswar',1000,'P&H 335','urgent requirements','',0,'http://tinyurl.com/ycfsoewz','2017-10-31 23:59:59'),(31,'basaveswar',1000,'P&H 335','Urgent requirement','',0,'http://tinyurl.com/ycfsoewz','2017-10-31 23:59:59'),(32,'ABC Suppliers',1033,'PROMOTIONAL OFFER','','',0,'http://bigequipmentsindia.com','2017-10-31 23:59:59');
/*!40000 ALTER TABLE `core_post_ads` ENABLE KEYS */;
UNLOCK TABLES;

--
-- Table structure for table `core_post_ads_images`
--

DROP TABLE IF EXISTS `core_post_ads_images`;
/*!40101 SET @saved_cs_client     = @@character_set_client */;
/*!40101 SET character_set_client = utf8 */;
CREATE TABLE `core_post_ads_images` (
  `ads_image_id` int(11) NOT NULL AUTO_INCREMENT,
  `ad_id` int(11) NOT NULL,
  `ad_image_name` varchar(45) NOT NULL,
  `ad_image_url` varchar(150) NOT NULL,
  `ad_image_expire` datetime NOT NULL,
  `ad_image_status` int(5) NOT NULL COMMENT '0=Pending,1=Approved',
  PRIMARY KEY (`ads_image_id`),
  KEY `ad_id` (`ad_id`)
) ENGINE=InnoDB AUTO_INCREMENT=41 DEFAULT CHARSET=latin1;
/*!40101 SET character_set_client = @saved_cs_client */;

--
-- Dumping data for table `core_post_ads_images`
--

LOCK TABLES `core_post_ads_images` WRITE;
/*!40000 ALTER TABLE `core_post_ads_images` DISABLE KEYS */;
INSERT INTO `core_post_ads_images` VALUES (1,1,'fb_63461503576843.jpg','http://digitalequipmentsindia.com/uploads/fb_63461503576843.jpg','2017-10-31 23:59:59',2),(2,1,'fb_19211503576843.jpg','http://digitalequipmentsindia.com/uploads/fb_19211503576843.jpg','2017-10-31 23:59:59',2),(3,2,'fb_63201503581933.png','http://digitalequipmentsindia.com/uploads/fb_63201503581933.png','2017-10-31 23:59:59',2),(4,3,'fb_69301503983022.png','http://digitalequipmentsindia.com/uploads/fb_69301503983022.png','2017-10-31 23:59:59',2),(5,4,'fb_25311504088770.jpg','http://digitalequipmentsindia.com/uploads/fb_25311504088770.jpg','2017-10-31 23:59:59',2),(6,5,'fb_42231504088823.jpg','http://digitalequipmentsindia.com/uploads/fb_42231504088823.jpg','2017-10-31 23:59:59',2),(7,5,'fb_22211504088823.jpg','http://digitalequipmentsindia.com/uploads/fb_22211504088823.jpg','2017-10-31 23:59:59',2),(8,6,'fb_84681504089685.jpg','http://digitalequipmentsindia.com/uploads/fb_84681504089685.jpg','2017-10-31 23:59:59',2),(9,6,'fb_3671504089685.jpg','http://digitalequipmentsindia.com/uploads/fb_3671504089685.jpg','2017-10-31 23:59:59',2),(10,7,'fb_7031504090046.jpg','http://digitalequipmentsindia.com/uploads/fb_7031504090046.jpg','2017-10-31 23:59:59',2),(11,7,'fb_51691504090046.jpg','http://digitalequipmentsindia.com/uploads/fb_51691504090046.jpg','2017-10-31 23:59:59',2),(16,8,'fb_74101504332555.jpg','http://digitalequipmentsindia.com/beibeta/web/uploads/fb_74101504332555.jpg','2017-10-31 23:59:59',2),(17,9,'fb_92151504332708.jpg','http://digitalequipmentsindia.com/beibeta/web/uploads/fb_92151504332708.jpg','2017-10-31 23:59:59',2),(18,9,'fb_75141504332708.png','http://digitalequipmentsindia.com/beibeta/web/uploads/fb_75141504332708.png','2017-10-31 23:59:59',2),(19,10,'fb_69561504520762.jpg','http://digitalequipmentsindia.com/uploads/fb_69561504520762.jpg','2017-10-31 23:59:59',2),(20,10,'fb_71661504520762.jpg','http://digitalequipmentsindia.com/uploads/fb_71661504520762.jpg','2017-10-31 23:59:59',2),(21,10,'fb_67801504520762.png','http://digitalequipmentsindia.com/uploads/fb_67801504520762.png','2017-10-31 23:59:59',2),(22,11,'fb_98411504602099.png','http://digitalequipmentsindia.com/uploads/fb_98411504602099.png','2017-10-31 23:59:59',2),(23,12,'fb_25791504604811.jpg','http://digitalequipmentsindia.com/uploads/fb_25791504604811.jpg','2017-10-31 23:59:59',0),(24,12,'fb_60261504604811.jpg','http://digitalequipmentsindia.com/uploads/fb_60261504604811.jpg','2017-10-31 23:59:59',0),(25,12,'fb_91631504604811.jpg','http://digitalequipmentsindia.com/uploads/fb_91631504604811.jpg','2017-10-31 23:59:59',0),(26,12,'fb_10281504604811.jpg','http://digitalequipmentsindia.com/uploads/fb_10281504604811.jpg','2017-10-31 23:59:59',0),(27,13,'fb_39711504679390.png','http://digitalequipmentsindia.com/uploads/fb_39711504679390.png','2017-10-31 23:59:59',0),(28,14,'fb_60871504679505.png','http://digitalequipmentsindia.com/uploads/fb_60871504679505.png','2017-10-31 23:59:59',0),(29,22,'IMG_20170727_105018.jpg_TEMP8','http://digitalequipmentsindia.com/uploads/IMG_20170727_105018.jpg','2017-10-11 00:00:00',2),(30,22,'IMG_20170719_162441.jpg_TEMP33','http://digitalequipmentsindia.com/uploads/IMG_20170719_162441.jpg','2017-10-11 00:00:00',2),(31,23,'IMG_20170727_111103.jpg_TEMP34','http://digitalequipmentsindia.com/uploads/IMG_20170727_111103.jpg','2017-10-11 00:00:00',2),(32,24,'fb_56891505458724.png','http://digitalequipmentsindia.com/uploads/fb_56891505458724.png','2017-10-31 23:59:59',0),(33,25,'excavator-cat-for-sale2.jpg','http://digitalequipmentsindia.com/uploads/excavator-cat-for-sale2.jpg','2017-10-16 00:00:00',2),(34,25,'alternate-electrical-generator-500x500.jpg','http://digitalequipmentsindia.com/uploads/alternate-electrical-generator-500x500.jpg','2017-10-16 00:00:00',2),(35,26,'fb_33961505805949.png','http://digitalequipmentsindia.com/uploads/fb_33961505805949.png','2017-10-31 23:59:59',2),(36,27,'fb_44741505807173.jpg','http://digitalequipmentsindia.com/uploads/fb_44741505807173.jpg','2017-10-31 23:59:59',2),(37,28,'fb_98781505987814.png','http://digitalequipmentsindia.com/uploads/fb_98781505987814.png','2017-10-31 23:59:59',2),(38,29,'fb_26111506059437.jpg','http://digitalequipmentsindia.com/uploads/fb_26111506059437.jpg','2017-10-31 23:59:59',2),(39,31,'fb_3921506060513.jpg','http://digitalequipmentsindia.com/uploads/fb_3921506060513.jpg','2017-10-31 23:59:59',2),(40,32,'fb_70871506337174.png','http://digitalequipmentsindia.com/uploads/fb_70871506337174.png','2017-10-31 23:59:59',0);
/*!40000 ALTER TABLE `core_post_ads_images` ENABLE KEYS */;
UNLOCK TABLES;

--
-- Table structure for table `core_post_ads_images_A_2017_Aug_30`
--

DROP TABLE IF EXISTS `core_post_ads_images_A_2017_Aug_30`;
/*!40101 SET @saved_cs_client     = @@character_set_client */;
/*!40101 SET character_set_client = utf8 */;
CREATE TABLE `core_post_ads_images_A_2017_Aug_30` (
  `ads_image_id` int(11) NOT NULL DEFAULT '0',
  `ad_id` int(11) NOT NULL,
  `ad_image_name` varchar(45) NOT NULL,
  `ad_image_url` varchar(150) NOT NULL,
  `ad_image_expire` datetime NOT NULL,
  `ad_image_status` int(5) NOT NULL COMMENT '0=Pending,1=Approved'
) ENGINE=InnoDB DEFAULT CHARSET=latin1;
/*!40101 SET character_set_client = @saved_cs_client */;

--
-- Dumping data for table `core_post_ads_images_A_2017_Aug_30`
--

LOCK TABLES `core_post_ads_images_A_2017_Aug_30` WRITE;
/*!40000 ALTER TABLE `core_post_ads_images_A_2017_Aug_30` DISABLE KEYS */;
INSERT INTO `core_post_ads_images_A_2017_Aug_30` VALUES (0,1,'fb_63461503576843.jpg','http://digitalequipmentsindia.com/uploads/fb_63461503576843.jpg','2017-10-31 23:59:59',0),(0,1,'fb_19211503576843.jpg','http://digitalequipmentsindia.com/uploads/fb_19211503576843.jpg','2017-10-31 23:59:59',0),(0,2,'fb_63201503581933.png','http://digitalequipmentsindia.com/uploads/fb_63201503581933.png','2017-10-31 23:59:59',0),(0,3,'fb_69301503983022.png','http://digitalequipmentsindia.com/uploads/fb_69301503983022.png','2017-10-31 23:59:59',0),(0,4,'fb_25311504088770.jpg','http://digitalequipmentsindia.com/uploads/fb_25311504088770.jpg','2017-10-31 23:59:59',0),(0,5,'fb_42231504088823.jpg','http://digitalequipmentsindia.com/uploads/fb_42231504088823.jpg','2017-10-31 23:59:59',2),(0,5,'fb_22211504088823.jpg','http://digitalequipmentsindia.com/uploads/fb_22211504088823.jpg','2017-10-31 23:59:59',2),(0,6,'fb_84681504089685.jpg','http://digitalequipmentsindia.com/uploads/fb_84681504089685.jpg','2017-10-31 23:59:59',2),(0,6,'fb_3671504089685.jpg','http://digitalequipmentsindia.com/uploads/fb_3671504089685.jpg','2017-10-31 23:59:59',2),(0,7,'fb_7031504090046.jpg','http://digitalequipmentsindia.com/uploads/fb_7031504090046.jpg','2017-10-31 23:59:59',0),(0,7,'fb_51691504090046.jpg','http://digitalequipmentsindia.com/uploads/fb_51691504090046.jpg','2017-10-31 23:59:59',0);
/*!40000 ALTER TABLE `core_post_ads_images_A_2017_Aug_30` ENABLE KEYS */;
UNLOCK TABLES;

--
-- Table structure for table `core_product_capacity`
--

DROP TABLE IF EXISTS `core_product_capacity`;
/*!40101 SET @saved_cs_client     = @@character_set_client */;
/*!40101 SET character_set_client = utf8 */;
CREATE TABLE `core_product_capacity` (
  `capacity_id` int(11) NOT NULL AUTO_INCREMENT,
  `capacity_name` varchar(255) DEFAULT NULL,
  `capacity_range` varchar(50) NOT NULL,
  `sub_category_id` int(11) NOT NULL,
  `category_id` int(11) NOT NULL,
  `capacity_status` tinyint(5) NOT NULL DEFAULT '1' COMMENT '1= active, 2=in-active',
  `range_value` int(7) NOT NULL,
  `price` decimal(10,2) NOT NULL DEFAULT '0.00',
  PRIMARY KEY (`capacity_id`),
  KEY `category_id` (`category_id`),
  KEY `sub_category_id` (`sub_category_id`)
) ENGINE=InnoDB AUTO_INCREMENT=193 DEFAULT CHARSET=latin1;
/*!40101 SET character_set_client = @saved_cs_client */;

--
-- Dumping data for table `core_product_capacity`
--

LOCK TABLES `core_product_capacity` WRITE;
/*!40000 ALTER TABLE `core_product_capacity` DISABLE KEYS */;
INSERT INTO `core_product_capacity` VALUES (1,'0 to 50 Tons','0 and 50',1,1,1,50,5000.00),(2,'51 to 100 Tons','51 and 100',1,1,1,100,10000.00),(3,'101 to 150 Tons','101 and 150',1,1,1,150,10000.00),(4,'151 to 200 Tons','151 and 200',1,1,1,200,10000.00),(5,'201 to 300 Tons','201 and 300',1,1,1,300,10000.00),(6,'301 to 400 Tons','301 and 400',1,1,1,400,10000.00),(7,'401 to 500 Tons','401 and 500',1,1,1,500,10000.00),(8,'500 Tons above','>500',1,1,1,501,10000.00),(9,'0 to 50 Tons','0 and 50',2,1,1,50,5000.00),(10,'51 to 100 Tons','51 and 100',2,1,1,100,10000.00),(11,'101 to 150 Tons','101 and 150',2,1,1,150,10000.00),(12,'151 to 200 Tons','151 and 200',2,1,1,200,10000.00),(13,'201 to 300 Tons','201 and 300',2,1,1,300,10000.00),(14,'301 to 400 Tons','301 and 400',2,1,1,400,10000.00),(15,'401 to 500 Tons','401 and 500',2,1,1,500,10000.00),(16,'500 Tons above','>500',2,1,1,501,10000.00),(17,'0 to 50 Tons','0 and 50',3,1,1,50,5000.00),(18,'51 to 100 Tons','51 and 100',3,1,1,100,10000.00),(19,'101 to 150 Tons','101 and 150',3,1,1,150,10000.00),(20,'151 to 200 Tons','151 and 200',3,1,1,200,10000.00),(21,'201 to 300 Tons','201 and 300',3,1,1,300,10000.00),(22,'301 to 400 Tons','301 and 400',3,1,1,400,10000.00),(23,'401 to 500 Tons','401 and 500',3,1,1,500,10000.00),(24,'500 Tons above','>500',3,1,1,501,10000.00),(25,'0 to 50 Tons','0 and 50',4,1,1,50,5000.00),(26,'51 to 100 Tons','51 and 100',4,1,1,100,10000.00),(27,'101 to 150 Tons','101 and 150',4,1,1,150,10000.00),(28,'151 to 200 Tons','151 and 200',4,1,1,200,10000.00),(29,'201 to 300 Tons','201 and 300',4,1,1,300,10000.00),(30,'301 to 400 Tons','301 and 400',4,1,1,400,10000.00),(31,'401 to 500 Tons','401 and 500',4,1,1,500,10000.00),(32,'500 Tons above','>500',4,1,1,501,10000.00),(33,'0 to 50 Tons','0 and 50',6,1,1,50,5000.00),(34,'51 to 100 Tons','51 and 100',6,1,1,100,10000.00),(35,'101 to 150 Tons','101 and 150',6,1,1,150,10000.00),(36,'151 to 200 Tons','151 and 200',6,1,1,200,10000.00),(37,'201 to 300 Tons','201 and 300',6,1,1,300,10000.00),(38,'301 to 400 Tons','301 and 400',6,1,1,400,10000.00),(39,'401 to 500 Tons','401 and 500',6,1,1,500,10000.00),(40,'500 Tons above','>500',6,1,1,501,10000.00),(41,'0 to 2 Tons','0 and 2',7,1,1,2,5000.00),(42,'3 to 50 Tons','3 and 50',7,1,0,50,5000.00),(43,'3 Tons above','>3',7,1,1,4,10000.00),(44,'0 to 100 KN','0 and 100',29,5,1,100,10000.00),(45,'101 to 180 KN','101 and 180',29,5,1,180,10000.00),(46,'181 to 360 KN','181 and 360',29,5,1,360,10000.00),(47,'361 KN above','>360',29,5,1,361,10000.00),(48,'0 to 2 Tons','0 and 2',17,3,1,2,5000.00),(49,'3 to 20 Tons','3 and 20',20,3,1,20,10000.00),(50,'21 to 50 Tons','21 and 50',20,3,1,50,10000.00),(51,'51 to 80 Tons','51 and 80',20,3,1,80,10000.00),(52,'3 to 20 Tons','3 and 20',21,3,1,20,10000.00),(53,'21 to 50 Tons','21 and 50',21,3,1,50,10000.00),(54,'51 to 80 Tons','51 and 80',21,3,1,80,10000.00),(55,'3 to 20 Tons','3 and 20',22,3,1,20,10000.00),(56,'21 to 50 Tons','21 and 50',22,3,1,50,10000.00),(57,'51 to 80 Tons','51 and 80',22,3,1,80,10000.00),(58,'0 to 10 Tons','0 and 10',12,2,1,10,5000.00),(59,'11 to 40 Tons','11 and 40',12,2,1,40,5000.00),(60,'41 Tons above','>40',12,2,1,41,5000.00),(61,'0 to 10 Tons','0 and 10',13,2,1,10,5000.00),(62,'11 to 40 Tons','11 and 40',13,2,1,40,5000.00),(63,'41 Tons above','>40',13,2,1,41,5000.00),(64,'0 to 10 Tons','0 and 10',14,2,1,10,5000.00),(65,'11 to 40 Tons','11 and 40',14,2,1,40,5000.00),(66,'41 Tons above','>40',14,2,1,41,5000.00),(67,'0 to 10 Tons','0 and 10',15,2,1,10,5000.00),(68,'11 to 40 Tons','11 and 40',15,2,1,40,5000.00),(69,'41 Tons above','>40',15,2,1,41,5000.00),(70,'0 to 10 Tons','0 and 10',16,2,1,10,5000.00),(71,'11 to 40 Tons','11 and 40',16,2,1,40,5000.00),(72,'41 Tons above','>40',16,2,1,41,5000.00),(73,'0 to 250 KVA','0 and 10',23,4,1,250,5000.00),(74,'251 to 500 KVA','11 and 40',23,4,1,500,5000.00),(75,'501 KVA above','>500',23,4,1,501,5000.00),(76,'0 to 250 KVA','0 and 10',24,4,1,250,5000.00),(77,'251 to 500 KVA','11 and 40',24,4,1,500,5000.00),(78,'501 KVA above','>500',24,4,1,501,5000.00),(79,'0 to 250 KVA','0 and 10',25,4,1,250,5000.00),(80,'251 to 500 KVA','11 and 40',25,4,1,500,5000.00),(81,'501 KVA above','>500',25,4,1,501,5000.00),(82,'0 to 250 KVA','0 and 10',26,4,1,250,5000.00),(83,'251 to 500 KVA','11 and 40',26,4,1,500,5000.00),(84,'501 KVA above','>500',26,4,1,501,5000.00),(85,'0 to 250 KVA','0 and 10',27,4,1,250,5000.00),(86,'251 to 500 KVA','11 and 40',27,4,1,500,5000.00),(87,'501 KVA above','>500',27,4,1,501,5000.00),(88,'0 to 25 Tons','0 and 25',10,1,1,25,5000.00),(89,'26 to 50 Tons','25 and 50',10,1,1,50,5000.00),(90,'51 Tons above','>50',10,1,1,51,10000.00),(91,'0 to 25 Tons','0 and 25',33,1,1,25,5000.00),(92,'26 to 50 Tons','25 and 50',33,1,1,50,5000.00),(93,'51 Tons above','>50',33,1,1,51,10000.00),(94,'0 to 50','0 and 50',1,1,2,0,5000.00),(95,'51 Tons above','>50',1,1,2,51,10000.00),(96,'0 to 50','0 and 50',2,1,2,0,5000.00),(97,'51 Tons above','>50',2,1,2,51,10000.00),(98,'0 to 50','0 and 50',3,1,2,0,5000.00),(99,'51 Tons above','>50',3,1,2,51,10000.00),(100,'0 to 50','0 and 50',4,1,2,0,5000.00),(101,'51 Tons above','>50',4,1,2,51,10000.00),(102,'0 to 50','0 and 50',5,1,2,0,5000.00),(103,'51 Tons above','>50',5,1,2,51,10000.00),(104,'0 to 50','0 and 50',6,1,2,0,5000.00),(105,'51 Tons above','>50',6,1,2,51,10000.00),(106,'0 to 50','0 and 50',7,1,2,0,5000.00),(107,'51 Tons above','>50',7,1,2,51,10000.00),(108,'0 to 50','0 and 50',8,1,2,0,5000.00),(109,'51 Tons above','>50',8,1,2,51,10000.00),(110,'0 to 50','0 and 50',9,1,2,0,5000.00),(111,'51 Tons above','>50',9,1,2,51,10000.00),(112,'0 to 50','0 and 50',10,1,2,0,5000.00),(113,'51 Tons above','>50',10,1,2,51,10000.00),(114,'0 to 50','0 and 50',33,1,2,0,5000.00),(115,'51 Tons above','>50',33,1,2,51,10000.00),(116,'0 KN above','>0',29,5,2,0,10000.00),(117,'0 KN above','>0',30,5,2,0,5000.00),(118,'0 KN above','>0',31,5,2,0,5000.00),(119,'0 KN above','>0',32,5,2,0,10000.00),(120,'0 TONS above','>0',17,3,2,0,5000.00),(121,'0 TONS above','>0',18,3,2,0,10000.00),(122,'0 TONS above','>0',19,3,2,0,10000.00),(123,'0 TONS above','>0',20,3,2,0,10000.00),(124,'0 TONS above','>0',21,3,2,0,10000.00),(125,'0 TONS above','>0',22,3,2,0,10000.00),(126,'0 TONS above','>0',12,2,2,0,5000.00),(127,'0 TONS above','>0',13,2,2,0,5000.00),(128,'0 TONS above','>0',14,2,2,0,5000.00),(129,'0 TONS above','>0',15,2,2,0,5000.00),(130,'0 TONS above','>0',16,2,2,0,5000.00),(131,'0 KVA above','>0',23,4,2,0,5000.00),(132,'0 KVA above','>0',24,4,2,0,5000.00),(133,'0 KVA above','>0',25,4,2,0,5000.00),(134,'0 KVA above','>0',26,4,2,0,5000.00),(135,'0 KVA above','>0',27,4,2,0,5000.00);
/*!40000 ALTER TABLE `core_product_capacity` ENABLE KEYS */;
UNLOCK TABLES;

--
-- Table structure for table `core_product_categories`
--

DROP TABLE IF EXISTS `core_product_categories`;
/*!40101 SET @saved_cs_client     = @@character_set_client */;
/*!40101 SET character_set_client = utf8 */;
CREATE TABLE `core_product_categories` (
  `category_id` int(11) NOT NULL AUTO_INCREMENT,
  `category_name` varchar(255) DEFAULT NULL,
  `category_slug` varchar(250) DEFAULT NULL,
  `category_fields` varchar(1000) DEFAULT NULL,
  `category_status` tinyint(5) NOT NULL DEFAULT '1' COMMENT '1= active, 2=in-active',
  `display_order` int(11) DEFAULT NULL,
  `metric` varchar(10) NOT NULL,
  PRIMARY KEY (`category_id`)
) ENGINE=InnoDB AUTO_INCREMENT=6 DEFAULT CHARSET=latin1;
/*!40101 SET character_set_client = @saved_cs_client */;

--
-- Dumping data for table `core_product_categories`
--

LOCK TABLES `core_product_categories` WRITE;
/*!40000 ALTER TABLE `core_product_categories` DISABLE KEYS */;
INSERT INTO `core_product_categories` VALUES (1,'Cranes','cranes','boomlength,fly_jib,model,luffing_jib,load_chart,register_num,life_tax_details',1,1,'Tons'),(2,'Dumpers','dumper','life_tax_details,register_num,model,no_axles',1,4,'Tons'),(3,'Excavators','excavators','model,arm_length,bucket_capacity',1,3,'Tons'),(4,'Generators','generators','model',1,5,'KVA'),(5,'Piling Rigs','piling rigs','model,kelly_length',1,2,'KN');
/*!40000 ALTER TABLE `core_product_categories` ENABLE KEYS */;
UNLOCK TABLES;

--
-- Table structure for table `core_product_images`
--

DROP TABLE IF EXISTS `core_product_images`;
/*!40101 SET @saved_cs_client     = @@character_set_client */;
/*!40101 SET character_set_client = utf8 */;
CREATE TABLE `core_product_images` (
  `product_image_id` int(11) NOT NULL AUTO_INCREMENT,
  `product_id` int(11) NOT NULL,
  `image_name` varchar(255) DEFAULT NULL,
  `image_url` varchar(255) DEFAULT NULL,
  `image_type` tinyint(5) NOT NULL DEFAULT '1' COMMENT '1= gallery, 2=load_chart',
  `image_status` tinyint(5) NOT NULL DEFAULT '1' COMMENT '1= active, 2=in-active',
  `date_created` timestamp NOT NULL DEFAULT CURRENT_TIMESTAMP,
  PRIMARY KEY (`product_image_id`),
  KEY `product_id` (`product_id`)
) ENGINE=InnoDB AUTO_INCREMENT=394 DEFAULT CHARSET=latin1;
/*!40101 SET character_set_client = @saved_cs_client */;

--
-- Dumping data for table `core_product_images`
--

LOCK TABLES `core_product_images` WRITE;
/*!40000 ALTER TABLE `core_product_images` DISABLE KEYS */;
INSERT INTO `core_product_images` VALUES (190,105,'Potain Tower crane.JPG','http://digitalequipmentsindia.com/uploads/2017/Cranes/dei_121491502449272.JPG',1,1,'2017-08-11 11:02:21'),(191,105,'Potain load chart.JPG','http://digitalequipmentsindia.com/uploads/2017/Cranes/dei_load_chart_453511502449330.JPG',2,1,'2017-08-11 11:02:21'),(192,106,'manitowoc.jpg','http://digitalequipmentsindia.com/uploads/2017/Cranes/dei_25241502449704.jpg',1,1,'2017-08-11 11:08:55'),(206,120,'b-200xp-500x500.jpg','http://digitalequipmentsindia.com/uploads/2017/Piling_Rigs/dei_206761503289069.jpg',1,1,'2017-08-21 04:18:08'),(207,121,'4.jpg','http://digitalequipmentsindia.com/uploads/2017/Excavators/dei_227611503289834.jpg',1,1,'2017-08-21 04:30:42'),(236,145,'dumper.JPG','http://digitalequipmentsindia.com/uploads/2017/Dumpers/dei_387181503582036.JPG',1,1,'2017-08-24 13:40:45'),(237,146,'Ag-Standby-standalone.jpg','http://digitalequipmentsindia.com/uploads/2017/Generators/dei_376351503582665.jpg',1,1,'2017-08-24 13:51:10'),(238,147,'CRANE-HIRE.png','http://digitalequipmentsindia.com/uploads/2017/Cranes/dei_145241503747627.png',1,1,'2017-08-26 11:40:56'),(239,147,'CRANE-HIRE.png','http://digitalequipmentsindia.com/uploads/2017/Cranes/dei_load_chart_438561503747650.png',2,1,'2017-08-26 11:40:56'),(240,148,'CRANE-SALE.png','http://digitalequipmentsindia.com/uploads/2017/Cranes/dei_104851503747788.png',1,1,'2017-08-26 11:43:43'),(241,148,'CRANE-SALE.png','http://digitalequipmentsindia.com/uploads/2017/Cranes/dei_load_chart_262821503747804.png',2,1,'2017-08-26 11:43:43'),(242,149,'CRANE-BOTH.png','http://digitalequipmentsindia.com/uploads/2017/Cranes/dei_363191503747903.png',1,1,'2017-08-26 11:45:22'),(243,149,'CRANE-BOTH.png','http://digitalequipmentsindia.com/uploads/2017/Cranes/dei_load_chart_197491503747914.png',2,1,'2017-08-26 11:45:22'),(244,150,'RIGS-HIRE.png','http://digitalequipmentsindia.com/uploads/2017/Piling_Rigs/dei_352961503747992.png',1,1,'2017-08-26 11:46:36'),(245,151,'RIGS-SALE.png','http://digitalequipmentsindia.com/uploads/2017/Piling_Rigs/dei_54871503748067.png',1,1,'2017-08-26 11:48:07'),(246,152,'RIGS-BOTH.png','http://digitalequipmentsindia.com/uploads/2017/Piling_Rigs/dei_64651503748181.png',1,1,'2017-08-26 11:49:45'),(247,153,'EXCAVATOR-HIRE.png','http://digitalequipmentsindia.com/uploads/2017/Excavators/dei_74971503748269.png',1,1,'2017-08-26 11:51:33'),(248,154,'EXCAVATOR-SALE.png','http://digitalequipmentsindia.com/uploads/2017/Excavators/dei_42981503748369.png',1,1,'2017-08-26 11:53:34'),(249,155,'EXCAVATOR-BOTH.png','http://digitalequipmentsindia.com/uploads/2017/Excavators/dei_246561503748501.png',1,1,'2017-08-26 11:55:06'),(250,156,'DUMPER-HIRE.png','http://digitalequipmentsindia.com/uploads/2017/Dumpers/dei_374501503748579.png',1,1,'2017-08-26 11:56:23'),(251,157,'DUMPER-BOTH.png','http://digitalequipmentsindia.com/uploads/2017/Dumpers/dei_453011503748666.png',1,1,'2017-08-26 11:57:49'),(252,158,'DUMPER-SALE.png','http://digitalequipmentsindia.com/uploads/2017/Dumpers/dei_376211503748758.png',1,1,'2017-08-26 11:59:21'),(253,159,'GENERATOR-HIRE.png','http://digitalequipmentsindia.com/uploads/2017/Generators/dei_484181503748848.png',1,1,'2017-08-26 12:00:51'),(254,160,'GENERATOR-BOTH.png','http://digitalequipmentsindia.com/uploads/2017/Generators/dei_412021503748947.png',1,1,'2017-08-26 12:02:56'),(255,160,'GENERATOR-SALE.png','http://digitalequipmentsindia.com/uploads/2017/Generators/dei_401851503748949.png',1,1,'2017-08-26 12:02:56'),(256,160,'GENERATOR-HIRE.png','http://digitalequipmentsindia.com/uploads/2017/Generators/dei_301141503748971.png',1,1,'2017-08-26 12:02:56'),(257,161,'GENERATOR-SALE.png','http://digitalequipmentsindia.com/uploads/2017/Generators/dei_449661503749054.png',1,1,'2017-08-26 12:04:18'),(258,162,'pick-carry-hydraulic-mobile-crane-500x500.jpg','http://digitalequipmentsindia.com/uploads/2017/Cranes/pick-carry-hydraulic-mobile-crane-500x500.jpg',1,0,'2017-08-31 05:25:03'),(259,163,'pick-carry-hydraulic-mobile-crane-500x500.jpg','http://digitalequipmentsindia.com/uploads/2017/Cranes/pick-carry-hydraulic-mobile-crane-500x500.jpg',1,0,'2017-08-31 06:16:14'),(260,165,'HX235LCR_main.jpg','http://digitalequipmentsindia.com/uploads/2017/Excavators/HX235LCR_main.jpg',1,0,'2017-08-31 06:19:11'),(261,166,'93696-10328922.jpg','http://digitalequipmentsindia.com/uploads/2017/Dumpers/93696-10328922.jpg',1,0,'2017-08-31 06:20:57'),(262,167,'alternate-electrical-generator-500x500.jpg','http://digitalequipmentsindia.com/uploads/2017/Generators/alternate-electrical-generator-500x500.jpg',1,0,'2017-08-31 06:21:56'),(263,168,'WhatsApp Image 2017-08-31 at 12.01.33.jpeg','http://digitalequipmentsindia.com/uploads/2017/Cranes/dei_317011504161663.jpeg',1,1,'2017-08-31 06:41:42'),(264,168,'WhatsApp Image 2017-08-31 at 12.01.32.jpeg','http://digitalequipmentsindia.com/uploads/2017/Cranes/dei_363771504161663.jpeg',1,1,'2017-08-31 06:41:42'),(265,168,'WhatsApp Image 2017-08-31 at 12.01.35.jpeg','http://digitalequipmentsindia.com/uploads/2017/Cranes/dei_481031504161665.jpeg',1,1,'2017-08-31 06:41:42'),(266,169,'WhatsApp Image 2017-08-31 at 12.01.53.jpeg','http://digitalequipmentsindia.com/uploads/2017/Cranes/dei_412651504162898.jpeg',1,1,'2017-08-31 07:02:00'),(267,169,'WhatsApp Image 2017-08-31 at 12.02.03.jpeg','http://digitalequipmentsindia.com/uploads/2017/Cranes/dei_55551504162898.jpeg',1,1,'2017-08-31 07:02:00'),(268,170,'WhatsApp Image 2017-08-31 at 12.02.49.jpeg','http://digitalequipmentsindia.com/uploads/2017/Cranes/dei_226681504165276.jpeg',1,1,'2017-08-31 07:42:00'),(269,170,'WhatsApp Image 2017-08-31 at 12.02.56.jpeg','http://digitalequipmentsindia.com/uploads/2017/Cranes/dei_45381504165276.jpeg',1,1,'2017-08-31 07:42:00'),(270,170,'WhatsApp Image 2017-08-31 at 12.03.14.jpeg','http://digitalequipmentsindia.com/uploads/2017/Cranes/dei_244491504165278.jpeg',1,1,'2017-08-31 07:42:00'),(271,171,'WhatsApp Image 2017-08-31 at 13.27.25.jpeg','http://digitalequipmentsindia.com/uploads/2017/Cranes/dei_416331504166714.jpeg',1,1,'2017-08-31 08:06:04'),(272,171,'WhatsApp Image 2017-08-31 at 13.27.22.jpeg','http://digitalequipmentsindia.com/uploads/2017/Cranes/dei_436011504166714.jpeg',1,1,'2017-08-31 08:06:04'),(273,171,'WhatsApp Image 2017-08-31 at 13.27.31.jpeg','http://digitalequipmentsindia.com/uploads/2017/Cranes/dei_97221504166716.jpeg',1,1,'2017-08-31 08:06:04'),(274,171,'WhatsApp Image 2017-08-31 at 13.27.36.jpeg','http://digitalequipmentsindia.com/uploads/2017/Cranes/dei_177391504166717.jpeg',1,1,'2017-08-31 08:06:04'),(275,172,'IMG_1125.jpg','http://digitalequipmentsindia.com/uploads/2017/Cranes/dei_93521504167105.jpg',1,1,'2017-08-31 08:12:07'),(276,173,'FullSizeRender-2.jpg','http://digitalequipmentsindia.com/uploads/2017/Cranes/dei_79751504261335.jpg',1,1,'2017-09-01 10:22:28'),(277,174,'FullSizeRender-3.jpg','http://digitalequipmentsindia.com/uploads/2017/Cranes/dei_15411504262531.jpg',1,1,'2017-09-01 10:42:21'),(278,175,'5D104F53-16DD-4D51-9DC9-20361CFA7F63.JPG','http://digitalequipmentsindia.com/uploads/2017/Cranes/dei_283411504673359.JPG',1,1,'2017-09-06 04:59:23'),(279,175,'642D9DD2-2BA6-4BEF-AC97-9FD4183C2CCA.JPG','http://digitalequipmentsindia.com/uploads/2017/Cranes/dei_341661504673359.JPG',1,1,'2017-09-06 04:59:23'),(280,175,'A0FDBBEE-9EDC-4C98-9014-198634F94981.JPG','http://digitalequipmentsindia.com/uploads/2017/Cranes/dei_88261504673360.JPG',1,1,'2017-09-06 04:59:23'),(281,175,'95382B07-3B01-4E07-91F8-F3EE0A7BA54C.JPG','http://digitalequipmentsindia.com/uploads/2017/Cranes/dei_389141504673927.JPG',1,1,'2017-09-06 04:59:23'),(282,176,'98D2F9BF-F4F2-4C8D-AE60-BEE3179E32A7.JPG','http://digitalequipmentsindia.com/uploads/2017/Cranes/dei_36941504674105.JPG',1,1,'2017-09-06 05:02:53'),(283,176,'A0FDBBEE-9EDC-4C98-9014-198634F94981.JPG','http://digitalequipmentsindia.com/uploads/2017/Cranes/dei_270121504674105.JPG',1,1,'2017-09-06 05:02:53'),(284,176,'D9B4651C-EDE6-4224-A4AD-5CEC71FB5507.JPG','http://digitalequipmentsindia.com/uploads/2017/Cranes/dei_181261504674106.JPG',1,1,'2017-09-06 05:02:53'),(285,176,'ED35CA5D-70F7-4986-A179-6057940C2FE9.JPG','http://digitalequipmentsindia.com/uploads/2017/Cranes/dei_46841504674106.JPG',1,1,'2017-09-06 05:02:53'),(286,177,'IMG_0559.JPG','http://digitalequipmentsindia.com/uploads/2017/Cranes/dei_443231504674365.JPG',1,1,'2017-09-06 05:08:24'),(287,177,'IMG_0558.JPG','http://digitalequipmentsindia.com/uploads/2017/Cranes/dei_394141504674365.JPG',1,1,'2017-09-06 05:08:24'),(288,178,'IMG_0560.JPG','http://digitalequipmentsindia.com/uploads/2017/Cranes/dei_26721504674686.JPG',1,1,'2017-09-06 05:12:01'),(289,178,'IMG_0557.JPG','http://digitalequipmentsindia.com/uploads/2017/Cranes/dei_254751504674694.JPG',1,1,'2017-09-06 05:12:01'),(290,179,'IMG_3657.JPG','http://digitalequipmentsindia.com/uploads/2017/Cranes/dei_285311504694511.JPG',1,1,'2017-09-06 10:42:29'),(291,180,'IMG-20170609-WA0018.jpg','http://digitalequipmentsindia.com/uploads/2017/Cranes/dei_465631504711711.jpg',1,1,'2017-09-06 15:30:39'),(292,181,'IMG-20170828-WA0012.jpg','http://digitalequipmentsindia.com/uploads/2017/Cranes/dei_218061504712277.jpg',1,1,'2017-09-06 15:38:06'),(293,183,'demag ac 615.jpg','http://digitalequipmentsindia.com/uploads/2017/Cranes/dei_488891504762086.jpg',1,1,'2017-09-07 05:30:36'),(294,183,'IMG-20160306-WA0003.jpg','http://digitalequipmentsindia.com/uploads/2017/Cranes/dei_63621504762094.jpg',1,1,'2017-09-07 05:30:36'),(295,183,'IMG-20160306-WA0005.jpg','http://digitalequipmentsindia.com/uploads/2017/Cranes/dei_66481504762102.jpg',1,1,'2017-09-07 05:30:36'),(296,184,'demag ac 435(1).jpg','http://digitalequipmentsindia.com/uploads/2017/Cranes/dei_163731504762444.jpg',1,1,'2017-09-07 05:34:35'),(297,184,'demag ac 435.jpg','http://digitalequipmentsindia.com/uploads/2017/Cranes/dei_297391504762446.jpg',1,1,'2017-09-07 05:34:35'),(298,185,'dei_484181503748848.png','http://digitalequipmentsindia.com/uploads/2017/Generators/dei_212731504763627.png',1,1,'2017-09-07 05:53:56'),(299,186,'dei_374501503748579.png','http://digitalequipmentsindia.com/uploads/2017/Dumpers/dei_232531504763746.png',1,1,'2017-09-07 05:55:51'),(300,187,'LUNA AT 50-2.jpg','http://digitalequipmentsindia.com/uploads/2017/Cranes/dei_455691504782951.jpg',1,1,'2017-09-07 11:16:42'),(301,187,'LUNA AT 50-1.jpg','http://digitalequipmentsindia.com/uploads/2017/Cranes/dei_41731504782952.jpg',1,1,'2017-09-07 11:16:42'),(302,187,'LUNA AT 50-3.jpg','http://digitalequipmentsindia.com/uploads/2017/Cranes/dei_43181504782953.jpg',1,1,'2017-09-07 11:16:42'),(303,188,'IMG_20170719_175142.jpg','http://digitalequipmentsindia.com/uploads/2017/Cranes/IMG_20170719_175142.jpg',1,0,'2017-09-11 05:42:22'),(304,190,'IMG_20170717_125452.jpg','http://digitalequipmentsindia.com/uploads/2017/Excavators/IMG_20170717_125452.jpg',1,0,'2017-09-11 05:56:18'),(305,191,'IMG_20170726_170942.jpg','http://digitalequipmentsindia.com/uploads/2017/Dumpers/IMG_20170726_170942.jpg',1,0,'2017-09-11 06:01:56'),(306,192,'IMG_20170717_133452.jpg','http://digitalequipmentsindia.com/uploads/2017/Generators/IMG_20170717_133452.jpg',1,0,'2017-09-11 06:06:31'),(307,193,'fb_38451503486234.jpg','http://digitalequipmentsindia.com/uploads/2017/Cranes/dei_410571505120662.jpg',1,1,'2017-09-11 09:04:26'),(308,194,'CRANE-HIRE.png','http://digitalequipmentsindia.com/uploads/2017/Cranes/dei_355671505124331.png',1,1,'2017-09-11 10:05:38'),(309,195,'IMG-20170915-WA0008.jpg','http://digitalequipmentsindia.com/uploads/2017/Cranes/dei_140681505475733.jpg',1,1,'2017-09-15 11:50:06'),(310,195,'IMG-20170915-WA0009.jpg','http://digitalequipmentsindia.com/uploads/2017/Cranes/dei_119131505475733.jpg',1,1,'2017-09-15 11:50:06'),(311,195,'IMG-20170915-WA0011.jpg','http://digitalequipmentsindia.com/uploads/2017/Cranes/dei_335691505475737.jpg',1,1,'2017-09-15 11:50:06'),(312,195,'IMG-20170915-WA0010.jpg','http://digitalequipmentsindia.com/uploads/2017/Cranes/dei_371561505475737.jpg',1,1,'2017-09-15 11:50:06'),(313,195,'IMG-20170915-WA0012.jpg','http://digitalequipmentsindia.com/uploads/2017/Cranes/dei_22481505475737.jpg',1,1,'2017-09-15 11:50:06'),(314,196,'download.jpg','http://digitalequipmentsindia.com/uploads/2017/Cranes/noimage1.png',1,1,'2017-09-19 10:20:42'),(315,197,'Screenshot_2017-09-18-21-15-20-972_com.google.android.googlequicksearchbox.png','http://digitalequipmentsindia.com/uploads/2017/Cranes/Screenshot_2017-09-18-21-15-20-972_com.google.android.googlequicksearchbox.png',1,0,'2017-09-20 05:15:46'),(316,199,'Kobelco 250MT.jpg','http://digitalequipmentsindia.com/uploads/2017/Cranes/dei_218351505899417.jpg',1,1,'2017-09-20 09:24:51'),(317,199,'Kobelco cke 2500.jpg','http://digitalequipmentsindia.com/uploads/2017/Cranes/dei_439401505899424.jpg',1,1,'2017-09-20 09:24:51'),(318,199,'Kobelco cke.jpg','http://digitalequipmentsindia.com/uploads/2017/Cranes/dei_79681505899427.jpg',1,1,'2017-09-20 09:24:51'),(319,200,'Kobelco 100MT.jpg','http://digitalequipmentsindia.com/uploads/2017/Cranes/dei_69411505900122.jpg',1,1,'2017-09-20 09:36:23'),(320,200,'ckl 1000i.jpg','http://digitalequipmentsindia.com/uploads/2017/Cranes/dei_31551505900125.jpg',1,1,'2017-09-20 09:36:23'),(321,201,'Hitachi1.JPG','http://digitalequipmentsindia.com/uploads/2017/Cranes/dei_209081505912923.JPG',1,1,'2017-09-20 13:09:42'),(322,201,'Hitachi.JPG','http://digitalequipmentsindia.com/uploads/2017/Cranes/dei_134231505912923.JPG',1,1,'2017-09-20 13:09:42'),(323,201,'Hitachi3.JPG','http://digitalequipmentsindia.com/uploads/2017/Cranes/dei_102711505912924.JPG',1,1,'2017-09-20 13:09:42'),(324,201,'Hitachi2.JPG','http://digitalequipmentsindia.com/uploads/2017/Cranes/dei_162641505912924.JPG',1,1,'2017-09-20 13:09:42'),(325,201,'Hitachi4.JPG','http://digitalequipmentsindia.com/uploads/2017/Cranes/dei_13741505912924.JPG',1,1,'2017-09-20 13:09:42'),(326,202,'Demag.JPG','http://digitalequipmentsindia.com/uploads/2017/Cranes/dei_486171505915676.JPG',1,1,'2017-09-20 13:55:05'),(327,202,'Demag1.JPG','http://digitalequipmentsindia.com/uploads/2017/Cranes/dei_408151505915676.JPG',1,1,'2017-09-20 13:55:05'),(328,202,'Demag2.JPG','http://digitalequipmentsindia.com/uploads/2017/Cranes/dei_101561505915678.JPG',1,1,'2017-09-20 13:55:05'),(329,202,'Demag3.JPG','http://digitalequipmentsindia.com/uploads/2017/Cranes/dei_372831505915678.JPG',1,1,'2017-09-20 13:55:05'),(330,202,'Demag4.JPG','http://digitalequipmentsindia.com/uploads/2017/Cranes/dei_254611505915678.JPG',1,1,'2017-09-20 13:55:05'),(331,203,'Tadano.JPG','http://digitalequipmentsindia.com/uploads/2017/Cranes/dei_26451505915962.JPG',1,1,'2017-09-20 14:00:03'),(332,203,'Tadano1.JPG','http://digitalequipmentsindia.com/uploads/2017/Cranes/dei_394771505915962.JPG',1,1,'2017-09-20 14:00:03'),(333,203,'Tadano2.JPG','http://digitalequipmentsindia.com/uploads/2017/Cranes/dei_79271505915963.JPG',1,1,'2017-09-20 14:00:03'),(334,203,'Tadano3.JPG','http://digitalequipmentsindia.com/uploads/2017/Cranes/dei_109061505915963.JPG',1,1,'2017-09-20 14:00:03'),(335,203,'Tadano4.JPG','http://digitalequipmentsindia.com/uploads/2017/Cranes/dei_174941505915963.JPG',1,1,'2017-09-20 14:00:03'),(336,204,'Kato.JPG','http://digitalequipmentsindia.com/uploads/2017/Cranes/dei_98851505916153.JPG',1,1,'2017-09-20 14:03:12'),(337,204,'Kato1.JPG','http://digitalequipmentsindia.com/uploads/2017/Cranes/dei_45641505916153.JPG',1,1,'2017-09-20 14:03:12'),(338,204,'Kato2.JPG','http://digitalequipmentsindia.com/uploads/2017/Cranes/dei_123301505916153.JPG',1,1,'2017-09-20 14:03:12'),(339,204,'Kato4.JPG','http://digitalequipmentsindia.com/uploads/2017/Cranes/dei_401971505916153.JPG',1,1,'2017-09-20 14:03:12'),(340,204,'Kato3.JPG','http://digitalequipmentsindia.com/uploads/2017/Cranes/dei_242471505916153.JPG',1,1,'2017-09-20 14:03:12'),(341,205,'Krupp1.JPG','http://digitalequipmentsindia.com/uploads/2017/Cranes/dei_193591505916360.JPG',1,1,'2017-09-20 14:06:13'),(342,205,'Krupp.JPG','http://digitalequipmentsindia.com/uploads/2017/Cranes/dei_123321505916360.JPG',1,1,'2017-09-20 14:06:13'),(343,205,'Krupp2.JPG','http://digitalequipmentsindia.com/uploads/2017/Cranes/dei_278861505916360.JPG',1,1,'2017-09-20 14:06:13'),(344,205,'Krupp3.JPG','http://digitalequipmentsindia.com/uploads/2017/Cranes/dei_21481505916360.JPG',1,1,'2017-09-20 14:06:13'),(345,206,'Zoomlion1.jpg','http://digitalequipmentsindia.com/uploads/2017/Cranes/Zoomlion1.jpg',1,1,'2017-09-21 08:22:18'),(346,207,'IMG-20170920-WA0016.jpg','http://digitalequipmentsindia.com/uploads/2017/Cranes/IMG-20170920-WA0016.jpg',1,0,'2017-09-21 08:53:07'),(347,208,'IMG-20170920-WA0015.jpg','http://digitalequipmentsindia.com/uploads/2017/Cranes/IMG-20170920-WA0015.jpg',1,0,'2017-09-21 08:54:42'),(348,209,'QUY 80 Vadodara 002.jpg','http://digitalequipmentsindia.com/uploads/2017/Cranes/dei_333661505984085.jpg',1,1,'2017-09-21 08:55:34'),(349,210,'IMG-20170808-WA0061.jpg','http://digitalequipmentsindia.com/uploads/2017/Cranes/dei_372781505984243.jpg',1,1,'2017-09-21 08:57:36'),(350,211,'IMG-20170808-WA0059.jpg','http://digitalequipmentsindia.com/uploads/2017/Cranes/dei_367321505984362.jpg',1,1,'2017-09-21 08:59:29'),(351,212,'QUY 80 Jamnagar 002.jpg','http://digitalequipmentsindia.com/uploads/2017/Cranes/dei_368771505984550.jpg',1,1,'2017-09-21 09:02:36'),(352,213,'XCMG QUY 80 (1).JPG','http://digitalequipmentsindia.com/uploads/2017/Cranes/dei_206061505984680.JPG',1,1,'2017-09-21 09:04:48'),(353,214,'XCMG Quy 80 (3).jpg','http://digitalequipmentsindia.com/uploads/2017/Cranes/dei_416941505984820.jpg',1,1,'2017-09-21 09:07:05'),(354,215,'Zoomlion Quy 70 ...jpg','http://digitalequipmentsindia.com/uploads/2017/Cranes/dei_103691505985048.jpg',1,1,'2017-09-21 09:10:56'),(355,216,'Zoomlion Quy 70.jpg','http://digitalequipmentsindia.com/uploads/2017/Cranes/dei_223641505985129.jpg',1,1,'2017-09-21 09:12:16'),(356,217,'Kobelco CKE2500-II Luffing Image 001.jpg','http://digitalequipmentsindia.com/uploads/2017/Cranes/dei_294711505985327.jpg',1,1,'2017-09-21 09:15:35'),(357,217,'Kobelco CKE-2500-II Photo 01.jpg','http://digitalequipmentsindia.com/uploads/2017/Cranes/dei_299841505985328.jpg',1,1,'2017-09-21 09:15:35'),(358,218,'Kobelco CKL 2600i.jpg','http://digitalequipmentsindia.com/uploads/2017/Cranes/dei_264621505985459.jpg',1,1,'2017-09-21 09:17:46'),(359,219,'American 9310.jpg.001.jpg','http://digitalequipmentsindia.com/uploads/2017/Cranes/dei_373151505986539.jpg',1,1,'2017-09-21 09:37:05'),(360,219,'American 9310.jpg.002.jpg','http://digitalequipmentsindia.com/uploads/2017/Cranes/dei_286781505986539.jpg',1,1,'2017-09-21 09:37:05'),(361,220,'NCK..1.jpg','http://digitalequipmentsindia.com/uploads/2017/Cranes/dei_127181505986790.jpg',1,1,'2017-09-21 09:41:48'),(362,221,'NCK..1.jpg','http://digitalequipmentsindia.com/uploads/2017/Cranes/dei_311061505987028.jpg',1,1,'2017-09-21 09:43:54'),(363,222,'ls 918-j (2).jpg','http://digitalequipmentsindia.com/uploads/2017/Cranes/dei_51711505987180.jpg',1,1,'2017-09-21 09:46:31'),(364,223,'HM PHOT01.jpg','http://digitalequipmentsindia.com/uploads/2017/Cranes/dei_266851505988596.jpg',1,1,'2017-09-21 10:11:12'),(365,224,'HM PHOT01.jpg','http://digitalequipmentsindia.com/uploads/2017/Cranes/dei_433191505989573.jpg',1,1,'2017-09-21 10:26:30'),(366,225,'LINKBELT 418 -L N T - INDIA TOWER PROJECT SITE OCT-2010.jpg','http://digitalequipmentsindia.com/uploads/2017/Cranes/dei_180831505989750.jpg',1,1,'2017-09-21 10:29:43'),(367,226,'LINKBELT 418 -L N T - INDIA TOWER PROJECT SITE OCT-2010.jpg','http://digitalequipmentsindia.com/uploads/2017/Cranes/dei_208211505989902.jpg',1,1,'2017-09-21 10:31:48'),(368,227,'Manitowoc..jpg','http://digitalequipmentsindia.com/uploads/2017/Cranes/dei_160171505990053.jpg',1,1,'2017-09-21 10:34:18'),(369,228,'P&H 5170 Crane.03.jpg','http://digitalequipmentsindia.com/uploads/2017/Cranes/dei_482961505990360.jpg',1,1,'2017-09-21 10:39:28'),(370,228,'Kobelco P&H 5170. latest.jpg','http://digitalequipmentsindia.com/uploads/2017/Cranes/dei_238341505990360.jpg',1,1,'2017-09-21 10:39:28'),(371,229,'SANY SAC 1800(200T).jpg','http://digitalequipmentsindia.com/uploads/2017/Cranes/dei_443711505994709.jpg',1,1,'2017-09-21 11:51:55'),(372,230,'7397-50 T.jpg','http://digitalequipmentsindia.com/uploads/2017/Cranes/dei_392431505995123.jpg',1,1,'2017-09-21 11:58:57'),(373,230,'7398-50T.jpg','http://digitalequipmentsindia.com/uploads/2017/Cranes/dei_261181505995123.jpg',1,1,'2017-09-21 11:58:57'),(374,231,'ZOOMLION 50T PHOTO2.jpg','http://digitalequipmentsindia.com/uploads/2017/Cranes/dei_272501505995243.jpg',1,1,'2017-09-21 12:00:54'),(375,232,'dei_26721504674686.JPG','http://digitalequipmentsindia.com/uploads/2017/Cranes/dei_427911506061004.JPG',1,1,'2017-09-22 06:16:49'),(376,206,'Zoomlion2.JPG','http://digitalequipmentsindia.com/uploads/2017/Cranes/Zoomlion2.jpg',1,1,'2017-09-21 08:22:18'),(377,206,'Zoomlion3.JPG','http://digitalequipmentsindia.com/uploads/2017/Cranes/Zoomlion3.JPG',1,1,'2017-09-21 08:22:18'),(378,206,'Zoomlion4.JPG','http://digitalequipmentsindia.com/uploads/2017/Cranes/Zoomlion4.jpg',1,1,'2017-09-21 08:22:18'),(379,233,'3-Terex AC 100.JPG','http://digitalequipmentsindia.com/uploads/2017/Cranes/dei_222901506089140.JPG',1,1,'2017-09-22 14:05:51'),(380,234,'Demag Terex AC-200.jpg','http://digitalequipmentsindia.com/uploads/2017/Cranes/dei_380161506089313.jpg',1,1,'2017-09-22 14:08:36'),(381,235,'5-Demag AC 435.JPG','http://digitalequipmentsindia.com/uploads/2017/Cranes/dei_86051506089599.JPG',1,1,'2017-09-22 14:13:31'),(382,236,'Demag-AC-335.jpg','http://digitalequipmentsindia.com/uploads/2017/Cranes/dei_461951506089686.jpg',1,1,'2017-09-22 14:14:50'),(383,237,'7-Grove GMK 4080.jpg','http://digitalequipmentsindia.com/uploads/2017/Cranes/dei_39421506089809.jpg',1,1,'2017-09-22 14:16:53'),(384,238,'9-XCMG QUY 75 (1) (1).JPG','http://digitalequipmentsindia.com/uploads/2017/Cranes/dei_474311506089999.JPG',1,1,'2017-09-22 14:20:02'),(385,239,'Gottwald 126.jpg','http://digitalequipmentsindia.com/uploads/2017/Cranes/dei_11991506153110.jpg',1,1,'2017-09-23 07:53:09'),(386,240,'6302 Image.jpg','http://digitalequipmentsindia.com/uploads/2017/Cranes/dei_453141506153307.jpg',1,1,'2017-09-23 07:55:12'),(387,241,'Grove GMK 6300 (1).jpg','http://digitalequipmentsindia.com/uploads/2017/Cranes/dei_353331506157687.jpg',1,1,'2017-09-23 09:08:16'),(388,242,'hr180_img.jpg','http://digitalequipmentsindia.com/uploads/2017/Piling_Rigs/dei_290181506163888.jpg',1,1,'2017-09-23 10:52:18'),(389,243,'Grove GMK 6300 (1).jpg','http://digitalequipmentsindia.com/uploads/2017/Cranes/dei_128381506166004.jpg',1,1,'2017-09-23 11:28:10'),(390,244,'Grove GMK 6300 (1).jpg','http://digitalequipmentsindia.com/uploads/2017/Cranes/dei_297591506166569.jpg',1,1,'2017-09-23 11:36:44'),(391,245,'Grove GMK6200.jpg','http://digitalequipmentsindia.com/uploads/2017/Cranes/dei_81431506166729.jpg',1,1,'2017-09-23 11:38:54'),(392,246,'Kobelco CKL2600i.jpg','http://digitalequipmentsindia.com/uploads/2017/Cranes/dei_38001506166845.jpg',1,1,'2017-09-23 11:40:54'),(393,247,'Photo of Kobelco CKL 1000i.JPG','http://digitalequipmentsindia.com/uploads/2017/Cranes/dei_78941506167028.JPG',1,1,'2017-09-23 11:44:03');
/*!40000 ALTER TABLE `core_product_images` ENABLE KEYS */;
UNLOCK TABLES;

--
-- Table structure for table `core_product_lifecycle`
--

DROP TABLE IF EXISTS `core_product_lifecycle`;
/*!40101 SET @saved_cs_client     = @@character_set_client */;
/*!40101 SET character_set_client = utf8 */;
CREATE TABLE `core_product_lifecycle` (
  `product_lifecycle_id` int(11) NOT NULL AUTO_INCREMENT,
  `product_id` int(11) NOT NULL,
  `user_id` int(11) NOT NULL COMMENT 'Updated by',
  `product_status` int(11) NOT NULL,
  `date_approved` timestamp NOT NULL DEFAULT CURRENT_TIMESTAMP,
  PRIMARY KEY (`product_lifecycle_id`),
  KEY `product_id` (`product_id`),
  KEY `user_id` (`user_id`)
) ENGINE=InnoDB DEFAULT CHARSET=latin1;
/*!40101 SET character_set_client = @saved_cs_client */;

--
-- Dumping data for table `core_product_lifecycle`
--

LOCK TABLES `core_product_lifecycle` WRITE;
/*!40000 ALTER TABLE `core_product_lifecycle` DISABLE KEYS */;
/*!40000 ALTER TABLE `core_product_lifecycle` ENABLE KEYS */;
UNLOCK TABLES;

--
-- Table structure for table `core_product_locations`
--

DROP TABLE IF EXISTS `core_product_locations`;
/*!40101 SET @saved_cs_client     = @@character_set_client */;
/*!40101 SET character_set_client = utf8 */;
CREATE TABLE `core_product_locations` (
  `location_id` int(11) NOT NULL AUTO_INCREMENT,
  `product_id` int(11) NOT NULL,
  `location_type` tinyint(5) NOT NULL DEFAULT '1' COMMENT '1=current location, 2=serving\nlocation',
  `longitude` varchar(20) NOT NULL,
  `latitude` varchar(20) NOT NULL,
  `city` varchar(50) DEFAULT NULL,
  `state` varchar(50) DEFAULT NULL,
  `country` varchar(20) NOT NULL DEFAULT 'IN',
  `input_location` text COMMENT 'user - selected location',
  `google_place_id` varchar(500) DEFAULT NULL,
  PRIMARY KEY (`location_id`),
  KEY `product_id` (`product_id`)
) ENGINE=InnoDB AUTO_INCREMENT=353 DEFAULT CHARSET=latin1;
/*!40101 SET character_set_client = @saved_cs_client */;

--
-- Dumping data for table `core_product_locations`
--

LOCK TABLES `core_product_locations` WRITE;
/*!40000 ALTER TABLE `core_product_locations` DISABLE KEYS */;
INSERT INTO `core_product_locations` VALUES (174,105,1,'77.02663830000006','28.4594965','Gurugram','Haryana','India',NULL,'ChIJWYjjgtUZDTkRHkvG5ehfzwI'),(175,105,2,'78.96288','20.593684',NULL,NULL,'India',NULL,'ChIJkbeSa_BfYzARphNChaFPjNc'),(176,106,1,'73.85674369999992','18.5204303','Pune','Maharashtra','India',NULL,'ChIJARFGZy6_wjsRQ-Oenb9DjYI'),(177,106,2,'78.96288','20.593684',NULL,NULL,'India',NULL,'ChIJkbeSa_BfYzARphNChaFPjNc'),(191,120,1,'76.48667230000001','28.68470710000001','Dubaldhan','Haryana','India',NULL,'ChIJ5SXkG0x-DTkR9IGEaJnR0Oo'),(192,120,2,'78.96288','20.593684',NULL,NULL,'India',NULL,'ChIJkbeSa_BfYzARphNChaFPjNc'),(193,121,1,'80.6480153','16.5061743','Vijayawada','Andhra Pradesh','India',NULL,'ChIJS5QtSPnvNToRZQJKq4R-m5M'),(218,145,1,'75.85772580000003','22.7195687','Indore','Madhya Pradesh','India',NULL,'ChIJ2w1BG638YjkR9EBiNdrEbgk'),(219,145,2,'78.96288','20.593684',NULL,NULL,'India',NULL,'ChIJkbeSa_BfYzARphNChaFPjNc'),(220,146,1,'78.486671','17.385044','Hyderabad','Telangana','India',NULL,'ChIJx9Lr6tqZyzsRwvu6koO3k64'),(221,147,1,'83.21848150000005','17.6868159','Visakhapatnam','Andhra Pradesh','India',NULL,'ChIJP5fmiRNDOToRaIRJlQPC2ZI'),(222,148,1,'76.36372849999998','12.1873152','','Karnataka','India',NULL,'ChIJ5XOPmBBwrzsRCe4TG2b7kns'),(223,149,1,'80.6480153','16.5061743','Vijayawada','Andhra Pradesh','India',NULL,'ChIJS5QtSPnvNToRZQJKq4R-m5M'),(224,150,1,'76.92144280000002','15.1393932','Ballari','Karnataka','India',NULL,'ChIJlbwe818RtzsR1ts6elMZXSc'),(225,151,1,'77.59456269999998','12.9715987','Bengaluru','Karnataka','India',NULL,'ChIJbU60yXAWrjsR4E9-UejD3_g'),(226,152,1,'77.22739580000007','28.6618976','Delhi','Delhi','India',NULL,'ChIJL_P_CXMEDTkRw0ZdG-0GVvw'),(227,153,1,'77.52988559999994','12.9719161','Bengaluru','Karnataka','India',NULL,'ChIJ5zr8Xtk9rjsRrZrdrpG3Dck'),(228,154,1,'73.02966249999997','19.0330488','Navi Mumbai','Maharashtra','India',NULL,'ChIJrRMfuPC55zsRafiFEWj3Ejw'),(229,155,1,'77.57536089999996','12.9421166','Bengaluru','Karnataka','India',NULL,'ChIJqfs4p5IVrjsRx2LhtOBKArk'),(230,156,1,'73.92602609999994','18.5089197','Pune','Maharashtra','India',NULL,'ChIJ6arxgf_pwjsRU4usVTU0YCU'),(231,157,1,'74.21793260000004','27.0238036','','Rajasthan','India',NULL,'ChIJNw7j9_o-ajkR5YjABkWbK7U'),(232,158,1,'80.27071840000008','13.0826802','Chennai','Tamil Nadu','India',NULL,'ChIJYTN9T-plUjoRM9RjaAunYW4'),(233,159,1,'72.83106070000008','21.1702401','Surat','Gujarat','India',NULL,'ChIJYxUdQVlO4DsRQrA4CSlYRf4'),(234,160,1,'72.57136209999999','23.022505','Ahmedabad','Gujarat','India',NULL,'ChIJSdRbuoqEXjkRFmVPYRHdzk8'),(235,161,1,'73.85674369999992','18.5204303','Pune','Maharashtra','India',NULL,'ChIJARFGZy6_wjsRQ-Oenb9DjYI'),(236,168,1,'72.87765590000004','19.0759837','Mumbai','Maharashtra','India',NULL,'ChIJwe1EZjDG5zsRaYxkjY_tpF0'),(237,169,1,'72.87765590000004','19.0759837','Mumbai','Maharashtra','India',NULL,'ChIJwe1EZjDG5zsRaYxkjY_tpF0'),(238,170,1,'72.87765590000004','19.0759837','Mumbai','Maharashtra','India',NULL,'ChIJwe1EZjDG5zsRaYxkjY_tpF0'),(239,171,1,'72.87765590000004','19.0759837','Mumbai','Maharashtra','India',NULL,'ChIJwe1EZjDG5zsRaYxkjY_tpF0'),(240,172,1,'72.87765590000004','19.0759837','Mumbai','Maharashtra','India',NULL,'ChIJwe1EZjDG5zsRaYxkjY_tpF0'),(241,173,1,'72.87765590000004','19.0759837','Mumbai','Maharashtra','India',NULL,'ChIJwe1EZjDG5zsRaYxkjY_tpF0'),(242,173,2,'78.96288','20.593684',NULL,NULL,'India',NULL,'ChIJkbeSa_BfYzARphNChaFPjNc'),(243,174,1,'72.87765590000004','19.0759837','Mumbai','Maharashtra','India',NULL,'ChIJwe1EZjDG5zsRaYxkjY_tpF0'),(244,174,2,'78.96288','20.593684',NULL,NULL,'India',NULL,'ChIJkbeSa_BfYzARphNChaFPjNc'),(245,175,1,'72.84215549999999','19.1405116','Mumbai','Maharashtra','India',NULL,'ChIJaQzvzjq25zsRO_p9KPIMqCo'),(246,175,2,'78.96288','20.593684',NULL,NULL,'India',NULL,'ChIJkbeSa_BfYzARphNChaFPjNc'),(247,176,1,'72.84215549999999','19.1405116','Mumbai','Maharashtra','India',NULL,'ChIJaQzvzjq25zsRO_p9KPIMqCo'),(248,176,2,'78.96288','20.593684',NULL,NULL,'India',NULL,'ChIJkbeSa_BfYzARphNChaFPjNc'),(249,177,1,'72.57136209999999','23.022505','Ahmedabad','Gujarat','India',NULL,'ChIJSdRbuoqEXjkRFmVPYRHdzk8'),(250,177,2,'78.96288','20.593684',NULL,NULL,'India',NULL,'ChIJkbeSa_BfYzARphNChaFPjNc'),(251,178,1,'72.57136209999999','23.022505','Ahmedabad','Gujarat','India',NULL,'ChIJSdRbuoqEXjkRFmVPYRHdzk8'),(252,178,2,'78.96288','20.593684',NULL,NULL,'India',NULL,'ChIJkbeSa_BfYzARphNChaFPjNc'),(253,179,1,'71.19238050000001','22.258652','','Gujarat','India',NULL,'ChIJlfcOXx8FWTkRLlJU7YfYG4Y'),(254,180,1,'74.21793260000004','27.0238036','','Rajasthan','India',NULL,'ChIJNw7j9_o-ajkR5YjABkWbK7U'),(255,180,2,'74.2179326','27.0238036',NULL,'Rajasthan','India',NULL,'ChIJNw7j9_o-ajkR5YjABkWbK7U'),(256,181,1,'73.71247900000003','24.585445','Udaipur','Rajasthan','India',NULL,'ChIJEUShUGXlZzkRsGi4VYTC2Ns'),(257,181,2,'74.2179326','27.0238036',NULL,'Rajasthan','India',NULL,'ChIJNw7j9_o-ajkR5YjABkWbK7U'),(258,182,1,'73.71247900000003','24.585445','Udaipur','Rajasthan','India',NULL,'ChIJEUShUGXlZzkRsGi4VYTC2Ns'),(259,182,2,'74.2179326','27.0238036',NULL,'Rajasthan','India',NULL,'ChIJNw7j9_o-ajkR5YjABkWbK7U'),(260,183,1,'70.80215989999999','22.3038945','Rajkot','Gujarat','India',NULL,'ChIJD98cx4rJWTkRO62Tvs8V3XY'),(261,184,1,'75.71388839999997','15.3172775','','Karnataka','India',NULL,'ChIJj0i_N0xaozsR1Xx10YzS8UE'),(262,185,1,'82.97391440000001','25.3176452','Varanasi','Uttar Pradesh','India',NULL,'ChIJTc_rb7ctjjkRtfA_hRAXE2g'),(263,186,1,'72.84241780000002','19.021324','Mumbai','Maharashtra','India',NULL,'ChIJD82gDtvO5zsR0FuZOVBGikI'),(264,187,1,'72.87765590000004','19.0759837','Mumbai','Maharashtra','India',NULL,'ChIJwe1EZjDG5zsRaYxkjY_tpF0'),(265,193,1,'78.486671','17.385044','Hyderabad','Telangana','India',NULL,'ChIJx9Lr6tqZyzsRwvu6koO3k64'),(266,194,1,'77.02663830000006','28.4594965','Gurugram','Haryana','India',NULL,'ChIJWYjjgtUZDTkRHkvG5ehfzwI'),(267,195,1,'72.87765590000004','19.0759837','Mumbai','Maharashtra','India',NULL,'ChIJwe1EZjDG5zsRaYxkjY_tpF0'),(268,196,1,'73.18121870000004','22.3071588','Vadodara','Gujarat','India',NULL,'ChIJq92jkavIXzkRuD9H4b_TOaw'),(269,196,2,'78.96288','20.593684',NULL,NULL,'India',NULL,'ChIJkbeSa_BfYzARphNChaFPjNc'),(270,198,1,'70.05772999999999','22.4707019','Jamnagar','Gujarat','India',NULL,'ChIJl0XANEkVVzkRynWbpIHdt-g'),(271,198,2,'78.96288','20.593684',NULL,NULL,'India',NULL,'ChIJkbeSa_BfYzARphNChaFPjNc'),(272,199,1,'76.26730410000005','9.9312328','Kochi','Kerala','India',NULL,'ChIJv8a-SlENCDsRkkGEpcqC1Qs'),(273,200,1,'72.68499840000004','19.8649145','Tarapur','Maharashtra','India',NULL,'ChIJG2A2LcPf5jsRrmDBfU0KJkI'),(274,201,1,'72.87765590000004','19.0759837','Mumbai','Maharashtra','India',NULL,'ChIJwe1EZjDG5zsRaYxkjY_tpF0'),(275,201,2,'78.96288','20.593684',NULL,NULL,'India',NULL,'ChIJkbeSa_BfYzARphNChaFPjNc'),(276,202,1,'72.87765590000004','19.0759837','Mumbai','Maharashtra','India',NULL,'ChIJwe1EZjDG5zsRaYxkjY_tpF0'),(277,202,2,'78.96288','20.593684',NULL,NULL,'India',NULL,'ChIJkbeSa_BfYzARphNChaFPjNc'),(278,203,1,'','','','','',NULL,''),(279,203,2,'78.96288','20.593684',NULL,NULL,'India',NULL,'ChIJkbeSa_BfYzARphNChaFPjNc'),(280,204,1,'','','','','',NULL,''),(281,204,2,'78.96288','20.593684',NULL,NULL,'India',NULL,'ChIJkbeSa_BfYzARphNChaFPjNc'),(282,205,1,'','','','','',NULL,''),(283,205,2,'78.96288','20.593684',NULL,NULL,'India',NULL,'ChIJkbeSa_BfYzARphNChaFPjNc'),(284,206,1,'72.87765590000004','19.0759837','Mumbai','Maharashtra','India',NULL,'ChIJwe1EZjDG5zsRaYxkjY_tpF0'),(285,206,2,'78.96288','20.593684',NULL,NULL,'India',NULL,'ChIJkbeSa_BfYzARphNChaFPjNc'),(286,207,2,'','',NULL,'All Over India','India',NULL,''),(287,208,2,'','',NULL,'Assam','India',NULL,''),(288,208,2,'','',NULL,'Gujarat','India',NULL,''),(289,209,1,'73.18121870000004','22.3071588','Vadodara','Gujarat','India',NULL,'ChIJq92jkavIXzkRuD9H4b_TOaw'),(290,209,2,'78.96288','20.593684',NULL,NULL,'India',NULL,'ChIJkbeSa_BfYzARphNChaFPjNc'),(291,210,1,'74.21793260000004','27.0238036','','Rajasthan','India',NULL,'ChIJNw7j9_o-ajkR5YjABkWbK7U'),(292,210,2,'78.96288','20.593684',NULL,NULL,'India',NULL,'ChIJkbeSa_BfYzARphNChaFPjNc'),(293,211,1,'72.5086513','23.2463895','Kalol','Gujarat','India',NULL,'ChIJY_aLwOYlXDkRhrOuImrklP8'),(294,211,2,'78.96288','20.593684',NULL,NULL,'India',NULL,'ChIJkbeSa_BfYzARphNChaFPjNc'),(295,212,1,'70.05772999999999','22.4707019','Jamnagar','Gujarat','India',NULL,'ChIJl0XANEkVVzkRynWbpIHdt-g'),(296,212,2,'78.96288','20.593684',NULL,NULL,'India',NULL,'ChIJkbeSa_BfYzARphNChaFPjNc'),(297,213,1,'73.03610030000004','19.2741226','Bhiwandi','Maharashtra','India',NULL,'ChIJU0EuzFO85zsR7UALi1JcHTk'),(298,213,2,'78.96288','20.593684',NULL,NULL,'India',NULL,'ChIJkbeSa_BfYzARphNChaFPjNc'),(299,214,1,'70.05772999999999','22.4707019','Jamnagar','Gujarat','India',NULL,'ChIJl0XANEkVVzkRynWbpIHdt-g'),(300,214,2,'78.96288','20.593684',NULL,NULL,'India',NULL,'ChIJkbeSa_BfYzARphNChaFPjNc'),(301,215,1,'73.31202329999996','16.990215','Ratnagiri','Maharashtra','India',NULL,'ChIJf7umORgN6jsRYWW_eZuWq2M'),(302,215,2,'78.96288','20.593684',NULL,NULL,'India',NULL,'ChIJkbeSa_BfYzARphNChaFPjNc'),(303,216,1,'70.13367300000004','23.075297','Gandhidham','Gujarat','India',NULL,'ChIJlw3si465UDkR4PboLlLLbJ0'),(304,216,2,'78.96288','20.593684',NULL,NULL,'India',NULL,'ChIJkbeSa_BfYzARphNChaFPjNc'),(305,217,1,'73.0482912','19.2812547','Bhiwandi','Maharashtra','India',NULL,'ChIJo0qCHhC95zsRrjHZxnKlcFk'),(306,217,2,'78.96288','20.593684',NULL,NULL,'India',NULL,'ChIJkbeSa_BfYzARphNChaFPjNc'),(307,218,1,'73.0482912','19.2812547','Bhiwandi','Maharashtra','India',NULL,'ChIJo0qCHhC95zsRrjHZxnKlcFk'),(308,218,2,'78.96288','20.593684',NULL,NULL,'India',NULL,'ChIJkbeSa_BfYzARphNChaFPjNc'),(309,219,1,'87.00994300000002','26.51504599999999','Birpur','Bihar','India',NULL,'ChIJi1qgYFsE7zkRHlYXJ8Fvlgk'),(310,220,1,'70.13367300000004','23.075297','Gandhidham','Gujarat','India',NULL,'ChIJlw3si465UDkR4PboLlLLbJ0'),(311,221,1,'70.13367300000004','23.075297','Gandhidham','Gujarat','India',NULL,'ChIJlw3si465UDkR4PboLlLLbJ0'),(312,222,1,'73.18121870000004','22.3071588','Vadodara','Gujarat','India',NULL,'ChIJq92jkavIXzkRuD9H4b_TOaw'),(313,223,1,'70.13367300000004','23.075297','Gandhidham','Gujarat','India',NULL,'ChIJlw3si465UDkR4PboLlLLbJ0'),(314,224,1,'70.13367300000004','23.075297','Gandhidham','Gujarat','India',NULL,'ChIJlw3si465UDkR4PboLlLLbJ0'),(315,225,1,'73.0482912','19.2812547','Bhiwandi','Maharashtra','India',NULL,'ChIJo0qCHhC95zsRrjHZxnKlcFk'),(316,226,1,'73.0482912','19.2812547','Bhiwandi','Maharashtra','India',NULL,'ChIJo0qCHhC95zsRrjHZxnKlcFk'),(317,227,1,'70.13367300000004','23.075297','Gandhidham','Gujarat','India',NULL,'ChIJlw3si465UDkR4PboLlLLbJ0'),(318,228,1,'74.46135529999992','18.4343863','Patas','Maharashtra','India',NULL,'ChIJ-d7bcy4RwzsRJ03LQ-77QTM'),(319,229,1,'70.13367300000004','23.075297','Gandhidham','Gujarat','India',NULL,'ChIJlw3si465UDkR4PboLlLLbJ0'),(320,229,2,'78.96288','20.593684',NULL,NULL,'India',NULL,'ChIJkbeSa_BfYzARphNChaFPjNc'),(321,230,1,'72.5086513','23.2463895','Kalol','Gujarat','India',NULL,'ChIJY_aLwOYlXDkRhrOuImrklP8'),(322,230,2,'78.96288','20.593684',NULL,NULL,'India',NULL,'ChIJkbeSa_BfYzARphNChaFPjNc'),(323,231,1,'72.57136209999999','23.022505','Ahmedabad','Gujarat','India',NULL,'ChIJSdRbuoqEXjkRFmVPYRHdzk8'),(324,231,2,'78.96288','20.593684',NULL,NULL,'India',NULL,'ChIJkbeSa_BfYzARphNChaFPjNc'),(325,232,1,'78.486671','17.385044','Hyderabad','Telangana','India',NULL,'ChIJx9Lr6tqZyzsRwvu6koO3k64'),(326,233,1,'72.87765590000004','19.0759837','Mumbai','Maharashtra','India',NULL,'ChIJwe1EZjDG5zsRaYxkjY_tpF0'),(327,233,2,'78.96288','20.593684',NULL,NULL,'India',NULL,'ChIJkbeSa_BfYzARphNChaFPjNc'),(328,234,1,'72.87765590000004','19.0759837','Mumbai','Maharashtra','India',NULL,'ChIJwe1EZjDG5zsRaYxkjY_tpF0'),(329,234,2,'78.96288','20.593684',NULL,NULL,'India',NULL,'ChIJkbeSa_BfYzARphNChaFPjNc'),(330,235,1,'72.87765590000004','19.0759837','Mumbai','Maharashtra','India',NULL,'ChIJwe1EZjDG5zsRaYxkjY_tpF0'),(331,235,2,'78.96288','20.593684',NULL,NULL,'India',NULL,'ChIJkbeSa_BfYzARphNChaFPjNc'),(332,236,1,'72.87765590000004','19.0759837','Mumbai','Maharashtra','India',NULL,'ChIJwe1EZjDG5zsRaYxkjY_tpF0'),(333,236,2,'78.96288','20.593684',NULL,NULL,'India',NULL,'ChIJkbeSa_BfYzARphNChaFPjNc'),(334,237,1,'72.87765590000004','19.0759837','Mumbai','Maharashtra','India',NULL,'ChIJwe1EZjDG5zsRaYxkjY_tpF0'),(335,237,2,'78.96288','20.593684',NULL,NULL,'India',NULL,'ChIJkbeSa_BfYzARphNChaFPjNc'),(336,238,1,'72.87765590000004','19.0759837','Mumbai','Maharashtra','India',NULL,'ChIJwe1EZjDG5zsRaYxkjY_tpF0'),(337,238,2,'78.96288','20.593684',NULL,NULL,'India',NULL,'ChIJkbeSa_BfYzARphNChaFPjNc'),(338,239,1,'75.03763249999997','23.3341696','Ratlam','Madhya Pradesh','India',NULL,'ChIJW5sic6P-YzkRcFrkXUAiDMs'),(339,240,1,'69.62926540000001','21.6417069','Porbandar','Gujarat','India',NULL,'ChIJ5fjCUVA0VjkRytib3rhlIZ4'),(340,241,1,'71.19238050000001','22.258652','','Gujarat','India',NULL,'ChIJlfcOXx8FWTkRLlJU7YfYG4Y'),(341,242,1,'72.87765590000004','19.0759837','Mumbai','Maharashtra','India',NULL,'ChIJwe1EZjDG5zsRaYxkjY_tpF0'),(342,242,2,'78.96288','20.593684',NULL,NULL,'India',NULL,'ChIJkbeSa_BfYzARphNChaFPjNc'),(343,243,1,'72.87765590000004','19.0759837','Mumbai','Maharashtra','India',NULL,'ChIJwe1EZjDG5zsRaYxkjY_tpF0'),(344,243,2,'78.96288','20.593684',NULL,NULL,'India',NULL,'ChIJkbeSa_BfYzARphNChaFPjNc'),(345,244,1,'72.87765590000004','19.0759837','Mumbai','Maharashtra','India',NULL,'ChIJwe1EZjDG5zsRaYxkjY_tpF0'),(346,244,2,'78.96288','20.593684',NULL,NULL,'India',NULL,'ChIJkbeSa_BfYzARphNChaFPjNc'),(347,245,1,'72.87765590000004','19.0759837','Mumbai','Maharashtra','India',NULL,'ChIJwe1EZjDG5zsRaYxkjY_tpF0'),(348,245,2,'78.96288','20.593684',NULL,NULL,'India',NULL,'ChIJkbeSa_BfYzARphNChaFPjNc'),(349,246,1,'72.87765590000004','19.0759837','Mumbai','Maharashtra','India',NULL,'ChIJwe1EZjDG5zsRaYxkjY_tpF0'),(350,246,2,'78.96288','20.593684',NULL,NULL,'India',NULL,'ChIJkbeSa_BfYzARphNChaFPjNc'),(351,247,1,'72.87765590000004','19.0759837','Mumbai','Maharashtra','India',NULL,'ChIJwe1EZjDG5zsRaYxkjY_tpF0'),(352,247,2,'78.96288','20.593684',NULL,NULL,'India',NULL,'ChIJkbeSa_BfYzARphNChaFPjNc');
/*!40000 ALTER TABLE `core_product_locations` ENABLE KEYS */;
UNLOCK TABLES;

--
-- Table structure for table `core_product_models`
--

DROP TABLE IF EXISTS `core_product_models`;
/*!40101 SET @saved_cs_client     = @@character_set_client */;
/*!40101 SET character_set_client = utf8 */;
CREATE TABLE `core_product_models` (
  `model_id` int(11) NOT NULL AUTO_INCREMENT,
  `model_name` varchar(255) DEFAULT NULL,
  `sub_category_id` int(11) NOT NULL,
  `model_status` tinyint(5) NOT NULL DEFAULT '1' COMMENT '1= active, 2=in-active',
  PRIMARY KEY (`model_id`),
  KEY `sub_category_id` (`sub_category_id`)
) ENGINE=InnoDB AUTO_INCREMENT=333 DEFAULT CHARSET=latin1;
/*!40101 SET character_set_client = @saved_cs_client */;

--
-- Dumping data for table `core_product_models`
--

LOCK TABLES `core_product_models` WRITE;
/*!40000 ALTER TABLE `core_product_models` DISABLE KEYS */;
INSERT INTO `core_product_models` VALUES (1,'Grove',1,1),(2,'Terex',1,1),(3,'Link - Belt',1,1),(4,'Locatelli',1,1),(5,'P&H',1,1),(6,'Ppm',1,1),(7,'Tadano',1,1),(8,'Bendini',1,1),(9,'Koehring',1,1),(10,'Koering',1,1),(11,'Little Giant',1,1),(12,'Lorain',1,1),(13,'Mannesmann Dematic',1,1),(14,'Pettibone',1,1),(15,'Demag',1,1),(16,'Liebherr',1,1),(17,'Faun',1,1),(18,'Franna',1,1),(19,'Corradini',1,1),(20,'Zoomlion',1,1),(21,'Sany',1,1),(22,'Xcmg',1,1),(23,'American',1,1),(24,'Daewoo',1,1),(25,'Manitowoc',1,1),(26,'Kobelco',1,1),(27,'Mantis',1,1),(28,'Broderson',1,1),(29,'Masco',1,1),(30,'Cinomatic',1,1),(31,'Benazzato',1,1),(32,'Ace',1,1),(33,'Escorts',1,1),(34,'Aakash',1,1),(35,'Jcb',1,1),(36,'Grove',2,1),(37,'Terex',2,1),(38,'Link - Belt',2,1),(39,'Locatelli',2,1),(40,'P&H',2,1),(41,'Ppm',2,1),(42,'Tadano',2,1),(43,'Bendini',2,1),(44,'Koehring',2,1),(45,'Koering',2,1),(46,'Little Giant',2,1),(47,'Lorain',2,1),(48,'Mannesmann Dematic',2,1),(49,'Pettibone',2,1),(50,'Demag',2,1),(51,'Liebherr',2,1),(52,'Faun',2,1),(53,'Franna',2,1),(54,'Corradini',2,1),(55,'Zoomlion',2,1),(56,'Sany',2,1),(57,'Xcmg',2,1),(58,'American',2,1),(59,'Daewoo',2,1),(60,'Manitowoc',2,1),(61,'Kobelco',2,1),(62,'Mantis',2,1),(63,'Broderson',2,1),(64,'Masco',2,1),(65,'Cinomatic',2,1),(66,'Benazzato',2,1),(67,'Ace',2,1),(68,'Escorts',2,1),(69,'Aakash',2,1),(70,'Jcb',2,1),(71,'Grove',3,1),(72,'Terex',3,1),(73,'Link - Belt',3,1),(74,'Locatelli',3,1),(75,'P&H',3,1),(76,'Ppm',3,1),(77,'Tadano',3,1),(78,'Bendini',3,1),(79,'Koehring',3,1),(80,'Koering',3,1),(81,'Little Giant',3,1),(82,'Lorain',3,1),(83,'Mannesmann Dematic',3,1),(84,'Pettibone',3,1),(85,'Demag',3,1),(86,'Liebherr',3,1),(87,'Faun',3,1),(88,'Franna',3,1),(89,'Corradini',3,1),(90,'Zoomlion',3,1),(91,'Sany',3,1),(92,'Xcmg',3,1),(93,'American',3,1),(94,'Daewoo',3,1),(95,'Manitowoc',3,1),(96,'Kobelco',3,1),(97,'Mantis',3,1),(98,'Broderson',3,1),(99,'Masco',3,1),(100,'Cinomatic',3,1),(101,'Benazzato',3,1),(102,'Ace',3,1),(103,'Escorts',3,1),(104,'Aakash',3,1),(105,'Jcb',3,1),(106,'Grove',4,1),(107,'Terex',4,1),(108,'Link - Belt',4,1),(109,'Locatelli',4,1),(110,'P&H',4,1),(111,'Ppm',4,1),(112,'Tadano',4,1),(113,'Bendini',4,1),(114,'Koehring',4,1),(115,'Koering',4,1),(116,'Little Giant',4,1),(117,'Lorain',4,1),(118,'Mannesmann Dematic',4,1),(119,'Pettibone',4,1),(120,'Demag',4,1),(121,'Liebherr',4,1),(122,'Faun',4,1),(123,'Franna',4,1),(124,'Corradini',4,1),(125,'Zoomlion',4,1),(126,'Sany',4,1),(127,'Xcmg',4,1),(128,'American',4,1),(129,'Daewoo',4,1),(130,'Manitowoc',4,1),(131,'Kobelco',4,1),(132,'Mantis',4,1),(133,'Broderson',4,1),(134,'Masco',4,1),(135,'Cinomatic',4,1),(136,'Benazzato',4,1),(137,'Ace',4,1),(138,'Escorts',4,1),(139,'Aakash',4,1),(140,'Jcb',4,1),(141,'Masco',5,1),(142,'Demag',5,1),(143,'Grove',6,1),(144,'American',6,1),(145,'Link - Belt',6,1),(146,'P&H',6,1),(147,'Cinomatic',7,1),(148,'Benazzato',7,1),(149,'Ace',7,1),(150,'Zoomlion',7,1),(151,'Ace',10,1),(152,'Escorts',10,1),(153,'Aakash',10,1),(154,'Xcmg',10,1),(155,'Jcb',10,1),(156,'Komatsu',17,1),(157,'L&T',17,1),(158,'Hitachi',17,1),(159,'Jcb',17,1),(160,'Sany',17,1),(161,'Hyundai',17,1),(162,'Kobelko',17,1),(163,'Volvo',17,1),(164,'Tata Hitachi',17,1),(165,'Caterpillar',17,1),(166,'Terex',17,1),(167,'Komatsu',18,1),(168,'L&T',18,1),(169,'Hitachi',18,1),(170,'Jcb',18,1),(171,'Sany',18,1),(172,'Hyundai',18,1),(173,'Kobelko',18,1),(174,'Volvo',18,1),(175,'Tata Hitachi',18,1),(176,'Caterpillar',18,1),(177,'Terex',18,1),(178,'Komatsu',19,1),(179,'L&T',19,1),(180,'Hitachi',19,1),(181,'Jcb',19,1),(182,'Sany',19,1),(183,'Hyundai',19,1),(184,'Kobelko',19,1),(185,'Volvo',19,1),(186,'Tata Hitachi',19,1),(187,'Caterpillar',19,1),(188,'Terex',19,1),(189,'Komatsu',20,1),(190,'L&T',20,1),(191,'Hitachi',20,1),(192,'Jcb',20,1),(193,'Sany',20,1),(194,'Hyundai',20,1),(195,'Kobelko',20,1),(196,'Volvo',20,1),(197,'Tata Hitachi',20,1),(198,'Caterpillar',20,1),(199,'Terex',20,1),(200,'Komatsu',21,1),(201,'L&T',21,1),(202,'Hitachi',21,1),(203,'Jcb',21,1),(204,'Sany',21,1),(205,'Hyundai',21,1),(206,'Kobelko',21,1),(207,'Volvo',21,1),(208,'Tata Hitachi',21,1),(209,'Caterpillar',21,1),(210,'Terex',21,1),(211,'Komatsu',22,1),(212,'L&T',22,1),(213,'Hitachi',22,1),(214,'Jcb',22,1),(215,'Sany',22,1),(216,'Hyundai',22,1),(217,'Kobelko',22,1),(218,'Volvo',22,1),(219,'Tata Hitachi',22,1),(220,'Caterpillar',22,1),(221,'Terex',22,1),(222,'Ashok Leyland',23,1),(223,'Cummins - Kirloskar',23,1),(224,'Caterpillar',23,1),(225,'Chicago Pneumatic',23,1),(226,'Honda',23,1),(227,'Alpha',23,1),(228,'Genesis',23,1),(229,'L&T',23,1),(230,'Esab',23,1),(231,'Kala Genset',23,1),(232,'Realco',23,1),(233,'Siskan Power Systems',23,1),(234,'Powerica',23,1),(235,'Greaves Cotton',23,1),(236,'Ra Powergen Engineers Pvt Ltd',23,1),(237,'Vinayak Enterprises',23,1),(238,'Ashok Leyland',24,1),(239,'Cummins - Kirloskar',24,1),(240,'Caterpillar',24,1),(241,'Chicago Pneumatic',24,1),(242,'Honda',24,1),(243,'Alpha',24,1),(244,'Genesis',24,1),(245,'L&T',24,1),(246,'Esab',24,1),(247,'Ashok Leyland',25,1),(248,'Cummins - Kirloskar',25,1),(249,'Caterpillar',25,1),(250,'Chicago Pneumatic',25,1),(251,'Honda',25,1),(252,'Alpha',25,1),(253,'Genesis',25,1),(254,'L&T',25,1),(255,'Esab',25,1),(256,'Ashok Leyland',26,1),(257,'Cummins - Kirloskar',26,1),(258,'Caterpillar',26,1),(259,'Chicago Pneumatic',26,1),(260,'Honda',26,1),(261,'Alpha',26,1),(262,'Genesis',26,1),(263,'L&T',26,1),(264,'Esab',26,1),(265,'Ashok Leyland',27,1),(266,'Cummins - Kirloskar',27,1),(267,'Caterpillar',27,1),(268,'Chicago Pneumatic',27,1),(269,'Honda',27,1),(270,'Alpha',27,1),(271,'Genesis',27,1),(272,'L&T',27,1),(273,'Esab',27,1),(274,'Mait',29,1),(275,'Sany',29,1),(276,'Bauer',29,1),(277,'Soilmec',29,1),(278,'Liebherr',29,1),(279,'Casa Grande',29,1),(280,'Imt',29,1),(281,'Mait',30,1),(282,'Sany',30,1),(283,'Bauer',30,1),(284,'Soilmec',30,1),(285,'Liebherr',30,1),(286,'Casa Grande',30,1),(287,'Imt',30,1),(288,'Mait',31,1),(289,'Sany',31,1),(290,'Bauer',31,1),(291,'Soilmec',31,1),(292,'Liebherr',31,1),(293,'Casa Grande',31,1),(294,'Imt',31,1),(295,'Mait',32,1),(296,'Sany',32,1),(297,'Bauer',32,1),(298,'Soilmec',32,1),(299,'Liebherr',32,1),(300,'Casa Grande',32,1),(301,'Imt',32,1),(302,'Tata',12,1),(303,'Volvo',12,1),(304,'Benz',12,1),(305,'Ashok Leyland',12,1),(306,'Tata',13,1),(307,'Volvo',13,1),(308,'Benz',13,1),(309,'Ashok Leyland',13,1),(310,'Tata',14,1),(311,'Volvo',14,1),(312,'Benz',14,1),(313,'Ashok Leyland',14,1),(314,'Tata',15,1),(315,'Volvo',15,1),(316,'Benz',15,1),(317,'Ashok Leyland',15,1),(318,'Tata',16,1),(319,'Volvo',16,1),(320,'Benz',16,1),(321,'Ashok Leyland',16,1),(322,'LIEBHERR',17,1),(323,'LIEBHERR',17,0),(324,'Custom',50,1),(325,'KATO',1,1),(326,'KATO',2,1),(327,'KATO',3,1),(328,'KATO',4,1),(329,'KATO',6,1),(330,'KATO',7,1),(331,'KATO',10,1),(332,'KATO',33,1);
/*!40000 ALTER TABLE `core_product_models` ENABLE KEYS */;
UNLOCK TABLES;

--
-- Table structure for table `core_product_sub_categories`
--

DROP TABLE IF EXISTS `core_product_sub_categories`;
/*!40101 SET @saved_cs_client     = @@character_set_client */;
/*!40101 SET character_set_client = utf8 */;
CREATE TABLE `core_product_sub_categories` (
  `sub_category_id` int(11) NOT NULL AUTO_INCREMENT,
  `sub_category_name` varchar(255) DEFAULT NULL,
  `category_id` int(11) NOT NULL,
  `sub_category_status` tinyint(5) NOT NULL DEFAULT '1' COMMENT '1= active, 2=in-active',
  `code_name` varchar(45) NOT NULL,
  PRIMARY KEY (`sub_category_id`),
  KEY `category_id` (`category_id`)
) ENGINE=InnoDB AUTO_INCREMENT=34 DEFAULT CHARSET=latin1;
/*!40101 SET character_set_client = @saved_cs_client */;

--
-- Dumping data for table `core_product_sub_categories`
--

LOCK TABLES `core_product_sub_categories` WRITE;
/*!40000 ALTER TABLE `core_product_sub_categories` DISABLE KEYS */;
INSERT INTO `core_product_sub_categories` VALUES (1,'Rough Terrain Crane',1,1,'RT'),(2,'All Terrain Crane',1,1,'AT'),(3,'Hydraulic Truck Crane',1,1,'HT'),(4,'Crawler Crane',1,1,'CR'),(5,'Overhead Crane',1,0,'OC'),(6,'Conventional Truck Crane',1,1,'CT'),(7,'Tower Crane',1,1,'TC'),(8,'Crawler Dragline',1,0,'CD'),(9,'Gantry Crane',1,0,'GC'),(10,'Hydra Cranes',1,1,'HD'),(12,'Agricultural',2,1,'AG'),(13,'Water Disposal',2,1,'WD'),(14,'Construction',2,1,'CO'),(15,'Mining',2,1,'MI'),(16,'Road Construction',2,1,'RC'),(17,'Back Hoe Loader (JCB)',3,1,'BH'),(18,'Drag Line',3,1,'DL'),(19,'Suction Type',3,1,'ST'),(20,'Long Reach/Long Arm',3,1,'LR'),(21,'Crawlers&Compact',3,1,'CC'),(22,'Power Shovels',3,1,'PS'),(23,'Event',4,1,'EV'),(24,'Industry',4,1,'IN'),(25,'Civil Work',4,1,'CW'),(26,'Agriculture',4,1,'AE'),(27,'Alternative Power',4,1,'AP'),(29,'Rotary Hydraulic',5,1,'RH'),(30,'Conventional',5,1,'CL'),(31,'Truck Mounted',5,1,'TM'),(32,'Diaphragm Wall',5,1,'DW'),(33,'P&H 325/335',1,1,'PH');
/*!40000 ALTER TABLE `core_product_sub_categories` ENABLE KEYS */;
UNLOCK TABLES;

--
-- Table structure for table `core_products`
--

DROP TABLE IF EXISTS `core_products`;
/*!40101 SET @saved_cs_client     = @@character_set_client */;
/*!40101 SET character_set_client = utf8 */;
CREATE TABLE `core_products` (
  `product_id` int(11) NOT NULL AUTO_INCREMENT,
  `product_type` int(11) NOT NULL COMMENT '0=Hire,1=Sale,2=Hire/Sale\n',
  `category_id` int(11) NOT NULL,
  `sub_category_id` int(11) NOT NULL,
  `capacity` varchar(45) NOT NULL,
  `equipment_title` varchar(250) NOT NULL,
  `manual_product_code` varchar(45) DEFAULT NULL,
  `model_other` varchar(45) DEFAULT NULL,
  `model_id` int(11) DEFAULT '0',
  `boom_length` float DEFAULT '0',
  `fly_jib` float DEFAULT '0',
  `luffing_jib` float DEFAULT '0',
  `registered_number` varchar(60) DEFAULT NULL,
  `life_tax_details` varchar(45) DEFAULT NULL,
  `condition` text,
  `bucket_capacity` float DEFAULT '0',
  `manufacture_year` varchar(15) DEFAULT NULL,
  `manufacturer` varchar(45) DEFAULT NULL,
  `price_type` tinyint(11) DEFAULT '0' COMMENT '1=daily, 2=monthly',
  `hire_price` decimal(10,2) DEFAULT NULL,
  `kelly_length` varchar(255) DEFAULT NULL,
  `arm_length` varchar(255) DEFAULT NULL,
  `numberof_axles` smallint(5) DEFAULT '0',
  `dimensions` varchar(50) NOT NULL,
  `description` text,
  `date_created` timestamp NOT NULL DEFAULT CURRENT_TIMESTAMP,
  `user_id` int(11) NOT NULL,
  `product_status` int(11) NOT NULL COMMENT '1=pending / waiting for approval, 2 = approved\nby data operator, 3=approved by sales ex, 4= PUBLIC (approved by sales manager), 5=rejected, 6 =\nre-initialized, 7=closed',
  `sale_price` decimal(10,2) DEFAULT NULL,
  `package_type` tinyint(5) NOT NULL COMMENT '1=free, 2 = paid',
  `package_amount` decimal(10,2) DEFAULT NULL,
  `current_location` varchar(300) DEFAULT NULL,
  `product_expires_on` datetime DEFAULT NULL,
  PRIMARY KEY (`product_id`),
  KEY `user_id` (`user_id`),
  KEY `product_status` (`product_status`)
) ENGINE=InnoDB AUTO_INCREMENT=248 DEFAULT CHARSET=latin1;
/*!40101 SET character_set_client = @saved_cs_client */;

--
-- Dumping data for table `core_products`
--

LOCK TABLES `core_products` WRITE;
/*!40000 ALTER TABLE `core_products` DISABLE KEYS */;
INSERT INTO `core_products` VALUES (105,0,1,7,'5 Tons','Tower Crane','CTC0005H00069','POTAIN MCi85A',324,50,50,NULL,'',NULL,'',NULL,'2015','',2,150000.00,'','',NULL,'','for detailed quotation please email us ','2017-08-11 11:02:21',1036,1,0.00,2,0.00,'Gurgaon, Haryana, India','2017-10-31 23:59:59'),(106,0,1,4,'275 Tons','Crawler Crane','CCR0275H0006A','',130,91,NULL,NULL,'',NULL,'',NULL,'2005','',2,1200000.00,'','',NULL,'','','2017-08-11 11:08:55',1036,1,0.00,2,0.00,'Pune, Maharashtra, India','2017-10-31 23:59:59'),(120,0,5,29,'260 KN','HR260','PRH0260H00078','',274,NULL,NULL,NULL,'',NULL,'',NULL,'1999','',2,1500000.00,'57','',NULL,'','Excellent condition','2017-08-21 04:18:08',1026,7,0.00,2,10000.00,'Dubaldhan, Haryana, India','2017-10-31 23:59:59'),(121,0,3,18,'30 Tons','Excavator-test','EDL0030H00079','',174,NULL,NULL,NULL,'',NULL,'',40,'1978','',2,125000.00,'','',NULL,'','','2017-08-21 04:30:42',1033,1,0.00,2,10000.00,'Vijayawada, Andhra Pradesh, India','2017-10-31 23:59:59'),(145,0,2,12,'150 Tons','H2 18','DAG0150H00091','',305,NULL,NULL,NULL,'AP31D1909','4','',NULL,'1962','',1,15000.00,'','',NULL,'2x2x3','','2017-08-24 13:40:45',1032,1,0.00,1,5000.00,'Indore, Madhya Pradesh, India','2017-10-31 23:59:59'),(146,1,4,26,'3 KVA','Generator','GAE0003S00092','',261,NULL,NULL,NULL,'',NULL,'',NULL,'1960','',NULL,0.00,'','',NULL,'1','','2017-08-24 13:51:10',1032,1,1700.00,1,5000.00,'Hyderabad, Telangana, India','2017-10-31 23:59:59'),(147,0,1,2,'30 Tons','ABC 1','CAT0030H00093','',69,10,NULL,NULL,'',NULL,'',NULL,'','',1,5000.00,'','',NULL,'','','2017-08-26 11:40:56',1033,7,0.00,1,5000.00,'Visakhapatnam, Andhra Pradesh, India','2017-10-31 23:59:59'),(148,1,1,2,'30 Tons','ABC 2','CAT0030S00094','',44,10,NULL,NULL,'',NULL,'',NULL,'','',NULL,0.00,'','',NULL,'','','2017-08-26 11:43:43',1033,7,5000.00,1,5000.00,'Mysore, Karnataka, India','2017-10-31 23:59:59'),(149,2,1,2,'30 Tons','ABC 3','CAT0030B00095','',58,20,NULL,NULL,'',NULL,'',NULL,'','',1,6000.00,'','',NULL,'','','2017-08-26 11:45:22',1033,7,500000.00,1,5000.00,'Vijayawada, Andhra Pradesh, India','2017-10-31 23:59:59'),(150,0,5,30,'50 KN','ABC4','PCL0050H00096','',286,NULL,NULL,NULL,'',NULL,'',NULL,'','',1,5000.00,'','',NULL,'','','2017-08-26 11:46:36',1033,1,0.00,1,5000.00,'Ballari, Karnataka, India','2017-10-31 23:59:59'),(151,1,5,32,'60 KN','ABC5','PDW0060S00097','',300,NULL,NULL,NULL,'',NULL,'',NULL,'','',NULL,0.00,'','',NULL,'','','2017-08-26 11:48:07',1033,1,7000.00,1,10000.00,'Bangalore, Karnataka, India','2017-10-31 23:59:59'),(152,2,5,32,'70 KN','ABC6','PDW0070B00098','',301,NULL,NULL,NULL,'',NULL,'',NULL,'','',1,6000.00,'','',NULL,'','','2017-08-26 11:49:45',1033,1,400000.00,1,10000.00,'Delhi, India','2017-10-31 23:59:59'),(153,0,3,17,'70 Tons','ABC7','EBH0070H00099','',158,NULL,NULL,NULL,'',NULL,'',40,'','',2,500000.00,'','',NULL,'','','2017-08-26 11:51:33',1033,1,0.00,1,5000.00,'Vijaya Nagar, Bengaluru, Karnataka, India','2017-10-31 23:59:59'),(154,1,3,21,'20 Tons','ABC8','ECC0020S0009A','',324,NULL,NULL,NULL,'',NULL,'',50,'','',NULL,0.00,'','',NULL,'','','2017-08-26 11:53:34',1033,1,8000.00,1,10000.00,'Navi Mumbai, Maharashtra, India','2017-10-31 23:59:59'),(155,2,3,21,'200 Tons','ABC9','ECC0200B0009B','',209,NULL,NULL,NULL,'',NULL,'',60,'','',1,500000.00,'','',NULL,'','','2017-08-26 11:55:06',1033,1,500000.00,1,10000.00,'Basavanagudi, Bengaluru, Karnataka, India','2017-10-31 23:59:59'),(156,0,2,12,'50 Tons','ABC10','DAG0050H0009C','',324,NULL,NULL,NULL,'',NULL,'',NULL,'','',2,80000.00,'','',NULL,'','','2017-08-26 11:56:23',1033,7,0.00,1,5000.00,'Hadapsar, Pune, Maharashtra, India','2017-10-31 23:59:59'),(157,2,2,14,'70 Tons','ABC11','DCO0070B0009D','',313,NULL,NULL,NULL,'',NULL,'',NULL,'','',2,50000.00,'','',NULL,'','','2017-08-26 11:57:49',1033,1,400000.00,1,5000.00,'Rajasthan, India','2017-10-31 23:59:59'),(158,1,2,12,'50 Tons','ABC12','DAG0050S0009E','',324,NULL,NULL,NULL,'',NULL,'',NULL,'','',NULL,0.00,'','',NULL,'','','2017-08-26 11:59:21',1033,1,600000.00,1,5000.00,'Chennai, Tamil Nadu, India','2017-10-31 23:59:59'),(159,0,4,23,'5 KVA','ABC13','GEV0005H0009F','',232,NULL,NULL,NULL,'',NULL,'',NULL,'','',2,3000000.00,'','',NULL,'','','2017-08-26 12:00:51',1033,7,0.00,1,5000.00,'Surat, Gujarat, India','2017-10-31 23:59:59'),(160,2,4,27,'7 KVA','ABC14','GAP0007B000A0','',270,NULL,NULL,NULL,'',NULL,'',NULL,'','',1,7000.00,'','',NULL,'','','2017-08-26 12:02:56',1033,1,4000000.00,1,5000.00,'Ahmedabad, Gujarat, India','2017-10-31 23:59:59'),(161,1,4,25,'9 KVA','ABC15','GCW0009S000A1','',252,NULL,NULL,NULL,'',NULL,'',NULL,'','',NULL,0.00,'','',NULL,'','','2017-08-26 12:04:18',1033,1,80000.00,1,5000.00,'Pune, Maharashtra, India','2017-10-31 23:59:59'),(162,0,1,10,'25','Crane','CHD0025000A2','NA',153,-99,-9,-9,'','',NULL,-9,NULL,'NA',2,50000.00,'','',-9,'xx18','','2017-08-31 05:25:03',1033,7,50000.00,0,NULL,'Pune, Maharashtra, India',NULL),(163,1,1,10,'25','Crane','CHD0025000A3','NA',153,-99,-9,-9,'','',NULL,-9,NULL,'NA',-9,600000.00,'','',-9,'xx','','2017-08-31 06:16:13',1033,7,600000.00,0,NULL,'Visakhapatnam Port, Andhra Pradesh, India',NULL),(164,1,5,29,'220','Piling Rig','PRH0220000A4','NA',280,-99,-9,-9,'','',NULL,-9,NULL,'NA',-9,400000.00,'47','',-9,'xx','','2017-08-31 06:18:02',1033,1,400000.00,0,NULL,'Vijayanagaram, Andhra Pradesh, India',NULL),(165,1,3,17,'60','Excavator','EBH0060000A5','NA',165,-99,-9,-9,'','',NULL,-9,NULL,'NA',-9,900000.00,'','',-9,'xx','','2017-08-31 06:19:10',1033,1,900000.00,0,NULL,'Giddalur, Andhra Pradesh, India',NULL),(166,1,2,14,'60','Dumper','DCO0060000A6','NA',311,-99,-9,-9,'','',NULL,-9,NULL,'NA',-9,600000.00,'','',-9,'xx','','2017-08-31 06:20:57',1033,1,600000.00,0,NULL,'Kiratpur Sahib, Punjab, India',NULL),(167,1,4,27,'50','Generator','GAP0050000A7','NA',265,-99,-9,-9,'','',NULL,-9,NULL,'NA',-9,120000.00,'','',-9,'xx','','2017-08-31 06:21:55',1033,1,120000.00,0,NULL,'Bilaspur, Chhattisgarh, India',NULL),(168,2,1,4,'400 Tons','Liebherr LR1400','CAT0400B000A8','',51,79,19,NULL,'',NULL,'',NULL,'2008','',2,270000.00,'','',NULL,'','READY TO SALE','2017-08-31 06:41:42',1045,1,90000000.00,1,NULL,'Mumbai, Maharashtra, India','2017-10-31 23:59:59'),(169,2,1,2,'165 Tons','Demag AC 435','CAT0165B000A9','',50,50,NULL,17,'',NULL,'',NULL,'1996','',2,700000.00,'','',NULL,'','READY TO SALE','2017-08-31 07:02:00',1045,1,24000000.00,1,10000.00,'Mumbai, Maharashtra, India','2017-10-31 23:59:59'),(170,2,1,4,'150 Tons','P&H 5170','CCR0150B000AA','',110,50,NULL,NULL,'',NULL,'',NULL,'','',2,600000.00,'','',NULL,'','Ready to Sale','2017-08-31 07:42:00',1045,1,15000000.00,1,10000.00,'Mumbai, Maharashtra, India','2017-10-31 23:59:59'),(171,2,1,2,'120 Tons','LIEBHERR LTM 1120','CAT0120B000AB','',51,50,24,NULL,'',NULL,'',NULL,'','',2,500000.00,'','',NULL,'','Ready To Sale','2017-08-31 08:06:04',1045,1,16500000.00,1,10000.00,'Mumbai, Maharashtra, India','2017-10-31 23:59:59'),(172,2,1,2,'300 Tons','DEMAG AC 300','CAT0300B000AC','',50,60,NULL,72,'',NULL,'',NULL,'','',2,1500000.00,'','',NULL,'','READY TO SALE/HIRE','2017-08-31 08:12:07',1045,1,52500000.00,1,10000.00,'Mumbai, Maharashtra, India','2017-10-31 23:59:59'),(173,0,1,3,'180 Tons','DEMAG TC 650','CHT0180H000AD','',85,70,NULL,62,'',NULL,'',NULL,'','',2,500000.00,'','',NULL,'','READY TO HIRE WITH GOOD CONDITION','2017-09-01 10:22:28',1050,1,0.00,1,10000.00,'Mumbai, Maharashtra, India','2017-10-31 23:59:59'),(174,0,1,2,'100 Tons','LIMA 1000','CAT0100H000AE','LIMA',324,70,20,NULL,'',NULL,'',NULL,'','',2,400000.00,'','',NULL,'','REQUIRED IN GOOD CONDITION','2017-09-01 10:42:21',1050,1,0.00,1,10000.00,'Mumbai, Maharashtra, India','2017-10-31 23:59:59'),(175,0,1,33,'40 Tons','P&H 440','CPH0040H000AF','P&H 440',324,25,NULL,NULL,'',NULL,'',NULL,'','',2,270000.00,'','',NULL,'','In Excellent Condition','2017-09-06 04:59:23',1052,1,0.00,1,5000.00,'Jogeshwari West, Mumbai, Maharashtra, India','2017-10-31 23:59:59'),(176,0,1,33,'40 Tons','P&H 440','CPH0040H000B0','P&H 440AS',324,25,NULL,NULL,'',NULL,'',NULL,'','',2,270000.00,'','',NULL,'','In Excellent Condition','2017-09-06 05:02:53',1052,1,0.00,1,5000.00,'Jogeshwari West, Mumbai, Maharashtra, India','2017-10-31 23:59:59'),(177,0,1,33,'35 Tons','P&H 335','CPH0035H000B1','P&H 335 ',324,25,NULL,NULL,'',NULL,'',NULL,'','',2,175000.00,'','',NULL,'','In Excellent Condition','2017-09-06 05:08:24',1052,1,0.00,1,5000.00,'Ahmedabad, Gujarat, India','2017-10-31 23:59:59'),(178,0,1,33,'35 Tons','P&H 335','CPH0035H000B2','P&H 335',324,25,NULL,NULL,'',NULL,'',NULL,'','',2,175000.00,'','',NULL,'','In Excellent condition','2017-09-06 05:12:01',1052,1,0.00,1,5000.00,'Ahmedabad, Gujarat, India','2017-10-31 23:59:59'),(179,0,1,2,'500 Tons','LTM1500','CAT0500H000B3','',51,50,NULL,NULL,'',NULL,'',NULL,'','',2,2500000.00,'','',NULL,'','','2017-09-06 10:42:29',1054,1,0.00,1,10000.00,'Gujarat, India','2017-10-31 23:59:59'),(180,0,1,2,'200 Tons','200 ton','CAT0200H000B4','',50,60,16,10,'RJ 04 EA ','34','',NULL,'2015','',2,1200000.00,'','',NULL,'17x3','Ac 535 with 60 meter main boom','2017-09-06 15:30:39',1055,1,0.00,1,10000.00,'Rajasthan, India','2017-10-31 23:59:59'),(181,0,1,2,'130 Tons','130','CAT0130H000B5','',36,43,16,0,'RJ 04 EA 0993','34','',NULL,'2010','',2,6.00,'','',NULL,'17x4','Kmk 5130','2017-09-06 15:38:06',1055,2,0.00,1,10000.00,'Udaipur, Rajasthan, India','2017-10-31 23:59:59'),(182,0,1,2,'130 Tons','130','CAT0130H000B6','',36,43,16,0,'RJ 04 EA 0993','34','',NULL,'2010','',2,6.00,'','',NULL,'17x4','Kmk 5130','2017-09-06 15:38:15',1055,1,0.00,1,10000.00,'Udaipur, Rajasthan, India','2017-10-31 23:59:59'),(183,0,1,2,'200 Tons','DEMAG AC 615','CAT0200H000B7','',50,50,33,NULL,'MH46AB0264','23','',NULL,'1998','',2,800000.00,'','',NULL,'','','2017-09-07 05:30:36',1057,1,0.00,1,NULL,'Rajkot, Gujarat, India','2017-10-31 23:59:59'),(184,0,1,2,'180 Tons','DEMAG AC 435','CAT0180H000B8','',50,50,17,NULL,'NL01L1779','27','',NULL,'1998','',2,700000.00,'','',NULL,'','','2017-09-07 05:34:35',1057,1,0.00,1,10000.00,'Karnataka, India','2017-10-31 23:59:59'),(185,0,4,23,'30 KVA','Generator','GEV0030H000B9','',232,NULL,NULL,NULL,'',NULL,'',NULL,'','',2,50000.00,'','',NULL,'','','2017-09-07 05:53:56',1033,1,0.00,1,5000.00,'Varanasi, Uttar Pradesh, India','2017-10-31 23:59:59'),(186,0,2,12,'40 Tons','Dumper','DAG0040H000BA','',304,NULL,NULL,NULL,'',NULL,'',NULL,'','',2,60000.00,'','',NULL,'','','2017-09-07 05:55:51',1033,1,0.00,1,5000.00,'Dadar, Mumbai, Maharashtra, India','2017-10-31 23:59:59'),(187,1,1,2,'50 Tons','LUNA AT 50','CAT0050S000BB','LUNA',324,31,31,18,'',NULL,'',NULL,'','',NULL,0.00,'','',NULL,'','','2017-09-07 11:16:42',1061,1,5500000.00,1,5000.00,'Mumbai, Maharashtra, India','2017-10-31 23:59:59'),(188,1,1,3,'60','CRANETEST','CHT0060000BC','NA',87,10,-9,-9,'','',NULL,-9,NULL,'NA',-9,100000.00,'','',-9,'xx','','2017-09-11 05:42:21',1048,1,100000.00,0,NULL,'Hassan, Karnataka, India',NULL),(189,1,5,29,'40','PILINGRIG-TEST','PRH0040000BD','NA',280,-99,-9,-9,'','',NULL,-9,NULL,'NA',-9,6000080.00,'','',-9,'xx','','2017-09-11 05:51:02',1048,1,6000080.00,0,NULL,'Gegal, Rajasthan, India',NULL),(190,1,3,20,'70','EXCAVATOR-TEST','ELR0070000BE','NA',197,-99,-9,-9,'','',NULL,-9,NULL,'NA',-9,6000000.00,'','',-9,'xx','','2017-09-11 05:56:17',1048,1,6000000.00,0,NULL,'M.M.Puram, Andhra Pradesh, India',NULL),(191,1,2,16,'40','DUMPER-TEST','DRC0040000BF','NA',318,-99,-9,-9,'','',NULL,-9,NULL,'NA',-9,90000.00,'','',-9,'xx','','2017-09-11 06:01:55',1048,1,90000.00,0,NULL,'V.Chathirapatti, Tamil Nadu, India',NULL),(192,1,4,23,'240','GEN-TEST','GEV0240000C0','NA',229,-99,-9,-9,'','',NULL,-9,NULL,'NA',-9,3000000.00,'','',-9,'xx','','2017-09-11 06:06:30',1048,1,3000000.00,0,NULL,'Himmatnagar, Gujarat, India',NULL),(193,0,1,4,'332 Tons','CRAWLER CRANE of ACE model is for hire','CCR0332H000C1','',137,200,20,20,'','37','',NULL,'2010','',2,50500.00,'','',NULL,'','CRAWLER CRANE of ACE model is for hire','2017-09-11 09:04:26',1000,7,0.00,1,10000.00,'Hyderabad, Telangana, India','2017-10-31 23:59:59'),(194,0,1,2,'50 Tons','CRANE','CAT0050H000C2','',69,8,NULL,NULL,'',NULL,'',NULL,'','',2,-1.00,'','',NULL,'','','2017-09-11 10:05:38',1033,1,0.00,1,5000.00,'Gurugram, Haryana, India','2017-10-31 23:59:59'),(195,1,1,3,'90 Tons','Liebherr LTM 1090N','CHT0090S000C3','',86,42,18,NULL,'',NULL,'',NULL,'','',NULL,0.00,'','',NULL,'','','2017-09-15 11:50:06',1054,1,-1.00,1,10000.00,'Mumbai, Maharashtra, India','2017-10-31 23:59:59'),(196,0,1,4,'25 Tons','Coles 25T','CCR0025H000C4','Coles 25T',324,21,NULL,NULL,'',NULL,'',NULL,'1994','',2,165000.00,'','',NULL,'0x0x0','All other safety features are available and working.','2017-09-19 10:20:42',1073,1,0.00,1,5000.00,'Vadodara, Gujarat, India','2017-10-31 23:59:59'),(197,0,1,33,'60','test','CPH0060000C5','NA',332,90,-9,-9,'','',NULL,-9,NULL,'NA',2,60000.00,'','',-9,'xx','','2017-09-20 05:15:45',1033,1,60000.00,0,NULL,'Bihar, India',NULL),(198,2,1,4,'75 Tons','hydraulic Crawler Crane','CCR0075B000C6','',127,58,18,0,'',NULL,'',NULL,'2011','',2,-1.00,'','',NULL,'0x0x0','recently released from Reliance. Intact with all OEM fittings. In absolute fine condition.','2017-09-20 09:15:59',1075,1,-1.00,1,10000.00,'Jamnagar, Gujarat, India','2017-10-31 23:59:59'),(199,1,1,4,'250 Tons','Hydraulic Crawler Crane','CCR0250S000C7','',131,91,31,NULL,'',NULL,'',NULL,'2009','',NULL,0.00,'','',NULL,'0x0x0','In a very good condition.  Recently dehired from BPCL Kochi refinery.','2017-09-20 09:24:51',1075,1,-1.00,1,10000.00,'Kochi, Kerala, India','2017-10-31 23:59:59'),(200,1,1,4,'100 Tons','Hydraulic Crawler Crane','CCR0100S000C8','',131,61,18,NULL,'',NULL,'',NULL,'2014','',NULL,0.00,'','',NULL,'0x0x0','Released from Reliance. As good as new.','2017-09-20 09:36:23',1075,1,-1.00,1,10000.00,'Tarapur, Maharashtra, India','2017-10-31 23:59:59'),(201,0,1,4,'80 Tons','Hitachi Sumitomo','CCR0080H000C9','HITACHI SCX 800-2',324,55,NULL,NULL,'',NULL,'',NULL,'','',2,-1.00,'','',NULL,'0x0x0','Equipment in good condition. Kindly contact for more details','2017-09-20 13:09:42',1074,1,0.00,1,10000.00,'Mumbai, Maharashtra, India','2017-10-31 23:59:59'),(202,0,1,3,'50 Tons','DEMAG HC-130','CHT0050H000CA','',85,34,15,NULL,'',NULL,'',NULL,'','',2,-1.00,'','',NULL,'0x0x0','','2017-09-20 13:55:05',1074,1,0.00,1,5000.00,'Mumbai, Maharashtra, India','2017-10-31 23:59:59'),(203,0,1,3,'50 Tons','TADANO TG 500E','CHT0050H000CB','',77,40,15,NULL,'',NULL,'',NULL,'','',2,-1.00,'','',NULL,'0x0x0','Equipment in Good Condition. Kindly contact for more details','2017-09-20 14:00:03',1074,1,0.00,1,5000.00,'Mumbai, Maharashtra, India','2017-10-31 23:59:59'),(204,0,1,3,'50 Tons','KATO NK 500EV','CHT0050H000CC','',327,40,15,NULL,'',NULL,'',NULL,'','',2,-1.00,'','',NULL,'0x0x0','Kindly contact for more details regarding the equipment','2017-09-20 14:03:12',1074,1,0.00,1,5000.00,'Mumbai, Maharashtra, India','2017-10-31 23:59:59'),(205,0,1,3,'70 Tons','KRUPP KMK 4070','CHT0070H000CD','KMK 4070',324,37,16,NULL,'',NULL,'',NULL,'','',2,-1.00,'','',NULL,'0x0x0','Kindly contact for more details without any hesitation.','2017-09-20 14:06:13',1074,1,0.00,1,10000.00,'Mumbai, Maharashtra, India','2017-10-31 23:59:59'),(206,0,1,3,'25 Tons','ZOOMLION QY 25K','CHT0025H000CE','',90,39,NULL,NULL,'',NULL,'',NULL,'','',2,-1.00,'','',NULL,'0x0x0','Very Good Condition. Kindly Contact for more details.','2017-09-21 08:22:18',1074,1,0.00,1,5000.00,'Mumbai, Maharashtra, India','2017-10-31 23:59:59'),(207,0,1,3,'90','test','CHT0090000CF','NA',88,90,-9,-9,'','',NULL,-9,NULL,'NA',2,90000.00,'','',-9,'xx','','2017-09-21 08:53:06',1033,1,90000.00,0,NULL,'Githura, Uttar Pradesh, India',NULL),(208,0,1,5,'90','test','COC0090000D0','NA',142,-99,-9,-9,'','',NULL,-9,NULL,'NA',2,60000.00,'','',-9,'xx','','2017-09-21 08:54:41',1033,1,60000.00,0,NULL,'Githura, Uttar Pradesh, India',NULL),(209,0,1,4,'80 Tons','FUSHUN QUY 80','CCR0080H000D1','FUSHUN',324,58,18,NULL,'',NULL,'',NULL,'2009','',2,-1.00,'','',NULL,'0x0x0','Equipment in excellent condition. Kindly contact for more details','2017-09-21 08:55:34',1077,1,0.00,1,10000.00,'Vadodara, Gujarat, India','2017-10-31 23:59:59'),(210,0,1,4,'80 Tons','FUSHUN QUY 80','CCR0080H000D2','FUSHUN',324,58,18,NULL,'',NULL,'',NULL,'2009','',2,-1.00,'','',NULL,'0x0x0','Equipment in great setup. Kindly contact for more details','2017-09-21 08:57:35',1077,1,0.00,1,10000.00,'Rajasthan, India','2017-10-31 23:59:59'),(211,0,1,4,'80 Tons','FUSHUN QUY 80','CCR0080H000D3','FUSHUN',324,58,18,NULL,'',NULL,'',NULL,'2009','',2,-1.00,'','',NULL,'0x0x0','Kindly contact for more details about the equipment','2017-09-21 08:59:29',1077,1,0.00,1,10000.00,'Kalol, Gujarat, India','2017-10-31 23:59:59'),(212,0,1,4,'80 Tons','FUSHUN QUY 80','CCR0080H000D4','FUSHUN',324,58,18,NULL,'',NULL,'',NULL,'2009','',2,-1.00,'','',NULL,'0x0x0','Kindly contact us for more information about the equipment','2017-09-21 09:02:36',1077,1,0.00,1,10000.00,'Jamnagar, Gujarat, India','2017-10-31 23:59:59'),(213,0,1,4,'80 Tons','XCMG - QUY 80','CCR0080H000D5','',127,58,18,NULL,'',NULL,'',NULL,'2008','',2,-1.00,'','',NULL,'0x0x0','Equipment in excellent condition. Kindly contact for more details','2017-09-21 09:04:48',1077,1,0.00,1,10000.00,'Anjurphata, Bhiwandi, Maharashtra, India','2017-10-31 23:59:59'),(214,0,1,4,'80 Tons','XCMG - QUY 80','CCR0080H000D6','',127,58,18,NULL,'',NULL,'',NULL,'2008','',2,-1.00,'','',NULL,'0x0x0','Equipment in excellent condition. Kindly contact for more details','2017-09-21 09:07:05',1077,1,0.00,1,10000.00,'Jamnagar, Gujarat, India','2017-10-31 23:59:59'),(215,0,1,4,'70 Tons','ZOOMLION - QUY 70','CCR0070H000D7','',125,57,18,NULL,'',NULL,'',NULL,'2008','',2,-1.00,'','',NULL,'0x0x0','Equipment in excellent condition. Kindly contact for more details','2017-09-21 09:10:56',1077,1,0.00,1,10000.00,'Ratnagiri, Maharashtra, India','2017-10-31 23:59:59'),(216,0,1,4,'70 Tons','ZOOMLION QUY 70','CCR0070H000D8','',125,57,18,NULL,'',NULL,'',NULL,'2008','',2,-1.00,'','',NULL,'0x0x0','Equipment in excellent condition. Kindly contact for more details','2017-09-21 09:12:16',1077,1,0.00,1,10000.00,'Gandhidham, Gujarat, India','2017-10-31 23:59:59'),(217,0,1,4,'250 Tons','KOBELCO CKE 2500-II','CCR0250H000D9','',131,61,61,NULL,'',NULL,'',NULL,'2010','',2,-1.00,'','',NULL,'0x0x0','Equipment in excellent condition. Kindly contact for more details','2017-09-21 09:15:35',1077,1,0.00,1,10000.00,'Bhiwandi, Maharashtra, India','2017-10-31 23:59:59'),(218,0,1,4,'250 Tons','KOBELCO CKL 2600-II','CCR0250H000DA','',131,61,61,NULL,'',NULL,'',NULL,'2008','',2,-1.00,'','',NULL,'0x0x0','Equipment in excellent condition. Kindly contact for more details','2017-09-21 09:17:46',1077,1,0.00,1,10000.00,'Bhiwandi, Maharashtra, India','2017-10-31 23:59:59'),(219,2,1,4,'204 Tons','AMERICAN 9310','CCR0204B000DB','',128,76,NULL,NULL,'',NULL,'',NULL,'1981','',NULL,-1.00,'','',NULL,'0x0x0','Equipment in excellent condition. Kindly contact for more details. Please note, Sale Price is Excl. Tax','2017-09-21 09:37:05',1077,1,21500000.00,1,10000.00,'Birpur, Bihar, India','2017-10-31 23:59:59'),(220,1,1,4,'70 Tons','NCK C-54 B','CCR0070S000DC','NCK',324,34,NULL,NULL,'',NULL,'',NULL,'1974','',NULL,0.00,'','',NULL,'0x0x0','Equipment in excellent condition. Kindly contact for more details. Please note, Sale Price is Excl. Tax','2017-09-21 09:41:48',1077,1,6000000.00,1,10000.00,'Gandhidham, Gujarat, India','2017-10-31 23:59:59'),(221,1,1,4,'70 Tons','NCK C - 54 B','CCR0070S000DD','NCK',324,34,NULL,NULL,'',NULL,'',NULL,'1974','',NULL,0.00,'','',NULL,'0x0x0','Equipment is Excellent Condition. Do note the Price given is excluding Taxes. Kindly contact us for more details.','2017-09-21 09:43:54',1077,1,6000000.00,1,10000.00,'Gandhidham, Gujarat, India','2017-10-31 23:59:59'),(222,1,1,4,'362 Tons','LINKBELT LS 918J','CCR0362S000DE','',108,91,12,NULL,'',NULL,'',NULL,'1981','',NULL,0.00,'','',NULL,'0x0x0','Equipment is Excellent Condition. Do note the Price given is excluding Taxes. Kindly contact us for more details.','2017-09-21 09:46:31',1077,1,35000000.00,1,10000.00,'Vadodara, Gujarat, India','2017-10-31 23:59:59'),(223,1,1,4,'75 Tons','HM 101 MK','CCR0075S000DF','HM 101 MK',324,46,NULL,NULL,'',NULL,'',NULL,'1997','',NULL,0.00,'','',NULL,'0x0x0','Equipment is Excellent Condition. Do note the Price given is excluding Taxes. Kindly contact us for more details.','2017-09-21 10:11:12',1077,1,6500000.00,1,10000.00,'Gandhidham, Gujarat, India','2017-10-31 23:59:59'),(224,1,1,4,'75 Tons','HM 101 MK','CCR0075S000E0','HM 101 MK',324,46,NULL,NULL,'',NULL,'',NULL,'1997','',NULL,0.00,'','',NULL,'0x0x0','Equipment is Excellent Condition. Do note the Price given is excluding Taxes. Kindly contact us for more details.','2017-09-21 10:26:30',1077,1,6500000.00,1,10000.00,'Gandhidham, Gujarat, India','2017-10-31 23:59:59'),(225,1,1,4,'100 Tons','LS 418 J','CCR0100S000E1','',108,58,NULL,NULL,'',NULL,'',NULL,'1982','',NULL,0.00,'','',NULL,'0x0x0','Equipment is Excellent Condition. Do note the Price given is excluding Taxes. Kindly contact us for more details.','2017-09-21 10:29:43',1077,1,8500000.00,1,10000.00,'Bhiwandi, Maharashtra, India','2017-10-31 23:59:59'),(226,1,1,4,'100 Tons','LS 418 J','CCR0100S000E2','',108,58,NULL,NULL,'',NULL,'',NULL,'1982','',NULL,0.00,'','',NULL,'0x0x0','Equipment is Excellent Condition. Do note the Price given is excluding Taxes. Kindly contact us for more details.','2017-09-21 10:31:48',1077,1,8500000.00,1,10000.00,'Bhiwandi, Maharashtra, India','2017-10-31 23:59:59'),(227,1,1,4,'136 Tons','MANITOWOC 4000W','CCR0136S000E3','',130,55,12,NULL,'',NULL,'',NULL,'1976','',NULL,0.00,'','',NULL,'0x0x0','Equipment is Excellent Condition. Do note the Price given is excluding Taxes. Kindly contact us for more details.','2017-09-21 10:34:18',1077,1,9800000.00,1,10000.00,'Gandhidham, Gujarat, India','2017-10-31 23:59:59'),(228,1,1,4,'150 Tons','P&H KOBELCO 5170','CCR0150S000E4','',131,79,18,NULL,'',NULL,'',NULL,'1979','',NULL,0.00,'','',NULL,'0x0x0','Equipment is Excellent Condition. Do note the Price given is excluding Taxes. Kindly contact us for more details.','2017-09-21 10:39:28',1077,1,13000000.00,1,10000.00,'Patas, Maharashtra, India','2017-10-31 23:59:59'),(229,0,1,3,'200 Tons','SAC 1800','CHT0200H000E5','',91,62,22,NULL,'',NULL,'',NULL,'2016','',2,-1.00,'','',NULL,'0x0x0','Equipment is Great Condition. Kindly contact us for more details.','2017-09-21 11:51:55',1077,1,0.00,1,10000.00,'Gandhidham, Gujarat, India','2017-10-31 23:59:59'),(230,0,1,3,'50 Tons','XCMG','CHT0050H000E6','',92,40,15,NULL,'GJ01FQ7398',NULL,'',NULL,'2008','',2,-1.00,'','',NULL,'0x0x0','Equipment is Great Condition. Kindly contact us for more details.','2017-09-21 11:58:57',1077,1,0.00,1,5000.00,'Kalol, Gujarat, India','2017-10-31 23:59:59'),(231,0,1,3,'50 Tons','ZOOMLION QY-50','CHT0050H000E7','',90,42,16,NULL,'',NULL,'',NULL,'2010','',2,-1.00,'','',NULL,'0x0x0','Equipment is Great Condition. Kindly contact us for more details.','2017-09-21 12:00:54',1077,1,0.00,1,5000.00,'Ahmedabad, Gujarat, India','2017-10-31 23:59:59'),(232,0,1,6,'20 Tons','Crane for urgent hire','CCT0020H000E8','',143,10.2,20.5,15.5,'',NULL,'',NULL,'','',1,15000.00,'','',NULL,'0x0x0','','2017-09-22 06:16:49',1000,7,0.00,1,5000.00,'Hyderabad, Telangana, India','2017-10-31 23:59:59'),(233,0,1,3,'100 Tons','TEREX AC 100','CHT0100H000E9','',72,50,17,NULL,'',NULL,'',NULL,'2011','',2,-1.00,'','',NULL,'0x0x0','Equipment in Excellent Condition. Kindly contact us for any more details.','2017-09-22 14:05:51',1080,1,0.00,1,10000.00,'Mumbai, Maharashtra, India','2017-10-31 23:59:59'),(234,0,1,3,'200 Tons','TEREX AC200-1','CHT0200H000EA','',72,68,17,NULL,'',NULL,'',NULL,'2011','',2,-1.00,'','',NULL,'0x0x0','Equipment in Excellent Condition. Kindly contact us for any more details.','2017-09-22 14:08:36',1080,1,0.00,1,10000.00,'Mumbai, Maharashtra, India','2017-10-31 23:59:59'),(235,0,1,3,'170 Tons','DEMAG AC-435','CHT0170H000EB','',85,50,17,NULL,'',NULL,'',NULL,'1999','',2,-1.00,'','',NULL,'0x0x0','Equipment in Excellent Condition. Kindly contact us for any more details.','2017-09-22 14:13:31',1080,1,0.00,1,10000.00,'Mumbai, Maharashtra, India','2017-10-31 23:59:59'),(236,0,1,3,'150 Tons','DEMAG AC-335','CHT0150H000EC','',85,50,17,NULL,'',NULL,'',NULL,'1998','',2,-1.00,'','',NULL,'0x0x0','Equipment in Excellent Condition. Kindly contact us for any more details.','2017-09-22 14:14:50',1080,1,0.00,1,10000.00,'Mumbai, Maharashtra, India','2017-10-31 23:59:59'),(237,0,1,3,'80 Tons','GROVE GMK 4080','CHT0080H000ED','',71,43,13,NULL,'',NULL,'',NULL,'2005','',2,-1.00,'','',NULL,'0x0x0','Equipment in Excellent Condition. Kindly contact us for any more details.','2017-09-22 14:16:53',1080,1,0.00,1,10000.00,'Mumbai, Maharashtra, India','2017-10-31 23:59:59'),(238,0,1,4,'75 Tons','XCMG QUY-75','CCR0075H000EE','',127,58,18,NULL,'',NULL,'',NULL,'2012','',2,-1.00,'','',NULL,'0x0x0','Equipment in Excellent Condition. Kindly contact us for any more details.','2017-09-22 14:20:02',1080,1,0.00,1,10000.00,'Mumbai, Maharashtra, India','2017-10-31 23:59:59'),(239,2,1,2,'155 Tons','Gottwald','CAT0155B000EF','',52,50,16,NULL,'',NULL,'',NULL,'1988','',2,-1.00,'','',NULL,'0x0x0','','2017-09-23 07:53:09',1082,1,14000000.00,1,10000.00,'Ratlam, Madhya Pradesh, India','2017-10-31 23:59:59'),(240,1,1,2,'60 Tons','Gottwald Amk 61-42','CAT0060S000F0','',52,34,9,NULL,'',NULL,'',NULL,'1988','',NULL,0.00,'','',NULL,'0x0x0','','2017-09-23 07:55:12',1082,1,4500000.00,1,10000.00,'Porbandar, Gujarat, India','2017-10-31 23:59:59'),(241,0,1,2,'70 Tons','TEST','CAT0070H000F1','',61,89,NULL,NULL,'',NULL,'',NULL,'','',1,60000.00,'','',NULL,'0x0x0','','2017-09-23 09:08:16',1080,7,0.00,1,10000.00,'Gujarat, India','2017-10-31 23:59:59'),(242,0,5,29,'180 KN','Piling Rig','PRH0180H000F2','',274,NULL,NULL,NULL,'',NULL,'',NULL,'2017','',2,1500000.00,'40','',NULL,'0x0x0','Brand New Piling Rig available on Hire Basis as well as on Contractual Basis','2017-09-23 10:52:18',1083,1,0.00,1,10000.00,'Mumbai, Maharashtra, India','2017-10-31 23:59:59'),(243,0,1,3,'300 Tons','GROVE GMK 6300L','CHT0300H000F3','',71,80,17,NULL,'',NULL,'',NULL,'2016','',2,-1.00,'','',NULL,'0x0x0','Equipment is excellent condition. Kindly contact us for more information','2017-09-23 11:28:10',1080,1,0.00,1,10000.00,'Mumbai, Maharashtra, India','2017-10-31 23:59:59'),(244,0,1,3,'300 Tons','GROVE GMK 6300L','CHT0300H000F4','',71,80,37,NULL,'',NULL,'',NULL,'2013','',2,-1.00,'','',NULL,'0x0x0','Equipment in excellent condition. Kindly contact for more details','2017-09-23 11:36:44',1080,1,0.00,1,10000.00,'Mumbai, Maharashtra, India','2017-10-31 23:59:59'),(245,0,1,3,'200 Tons','GROVE GMK 6200','CHT0200H000F5','',71,53,17,NULL,'',NULL,'',NULL,'2007','',2,-1.00,'','',NULL,'0x0x0','Good Condition Equipment. Kindly contact for more details.','2017-09-23 11:38:54',1080,1,0.00,1,10000.00,'Mumbai, Maharashtra, India','2017-10-31 23:59:59'),(246,0,1,4,'260 Tons','KOBELCO CKL 2600 I','CCR0260H000F6','',131,61,61,NULL,'',NULL,'',NULL,'2017','',2,-1.00,'','',NULL,'0x0x0','New Equipment. Kindly contact for more details.','2017-09-23 11:40:54',1080,1,0.00,1,10000.00,'Mumbai, Maharashtra, India','2017-10-31 23:59:59'),(247,0,1,4,'100 Tons','KOBELCO CKL 1000 I','CCR0100H000F7','',131,61,18,NULL,'',NULL,'',NULL,'2012','',2,-1.00,'','',NULL,'0x0x0','New Equipment. Kindly contact for more details.','2017-09-23 11:44:03',1080,1,0.00,1,10000.00,'Mumbai, Maharashtra, India','2017-10-31 23:59:59');
/*!40000 ALTER TABLE `core_products` ENABLE KEYS */;
UNLOCK TABLES;

--
-- Table structure for table `core_quotation`
--

DROP TABLE IF EXISTS `core_quotation`;
/*!40101 SET @saved_cs_client     = @@character_set_client */;
/*!40101 SET character_set_client = utf8 */;
CREATE TABLE `core_quotation` (
  `quotation_id` int(11) NOT NULL AUTO_INCREMENT,
  `category_id` int(11) NOT NULL,
  `sub_category_id` int(11) NOT NULL,
  `location` text NOT NULL,
  `quotation_type` enum('hire','buy') NOT NULL,
  `start_date` date DEFAULT NULL,
  `duration_type` enum('days','week','month') DEFAULT NULL,
  `duration` int(11) DEFAULT NULL,
  `comments` text,
  `name` varchar(45) NOT NULL,
  `email` varchar(45) NOT NULL,
  `phone` varchar(45) NOT NULL,
  `job_description` enum('commercial','doit_yourself') NOT NULL,
  `job_describes` enum('ready_to_use','planning_for_budgeting') DEFAULT NULL,
  PRIMARY KEY (`quotation_id`)
) ENGINE=InnoDB AUTO_INCREMENT=42 DEFAULT CHARSET=latin1;
/*!40101 SET character_set_client = @saved_cs_client */;

--
-- Dumping data for table `core_quotation`
--

LOCK TABLES `core_quotation` WRITE;
/*!40000 ALTER TABLE `core_quotation` DISABLE KEYS */;
INSERT INTO `core_quotation` VALUES (1,1,2,'Hyderabad, Telangana, India','hire','2017-08-10','days',3,'','eshwar','basaveswar.allaka@devrabbit.com','9030880086','commercial',NULL),(2,1,2,'Hyderabad, Telangana, India','hire','2017-08-30','days',3,'','basaveswar','basaveswar.allaka@devrabbit.com','9030880086','doit_yourself',NULL),(3,1,6,'Hyderabad, Telangana, India','hire','2017-08-31','days',2,'test','basaveswar','basaveswar.allaka@devrabbit.com','9030880086','doit_yourself',NULL),(4,5,30,'Hyderabad, Telangana, India','hire','2017-08-29','days',3,'','testuser','basaveswar.allaka@devrabbit.com','903088086','commercial',NULL),(5,5,32,'Hyderabad, Telangana, India','buy','2017-08-17','days',20,'urgent','public_html','sk.ijaz@gmail.com','8977964321','doit_yourself',NULL),(6,5,32,'Sector 29, Gurugram, Haryana, India','buy','2017-08-29','days',456,'urgent','public_html','sk.ijaz@gmail.com','8977964732','doit_yourself',NULL),(7,5,29,'Hyderguda, Hyderabad, Telangana, India','buy','2017-08-16','days',34,'Any Extra Comments','Korapollu Pavan Kumar','sk.ijaz@gmail.com','1234567897','doit_yourself',NULL),(8,1,2,'Hyderabad, Telangana, India','hire','2017-08-03','days',4,'','eshwar','basaveswar.allaka@devrabbit.com','9030880086','commercial',NULL),(9,1,2,'Ghaziabad, Uttar Pradesh, India','buy','2017-08-23','week',2,'','Goutham','bigcranesindia@gmail.com','8639660549','doit_yourself',NULL),(10,3,20,'Pune, Maharashtra, India','hire','2017-08-17','month',2,'Urgent need','Goutham','bigcranesindia@gmail.com','8639660549','commercial',NULL),(11,5,32,'Goa, India','hire','2017-08-16','days',5,'','kiran','it@digitalequipmentsindia.com','9177876838','doit_yourself',NULL),(12,1,10,'Ghaziabad, Uttar Pradesh, India','hire','2017-08-24','days',6,'','kiran','bigcranesindia@gmail.com','9177876838','commercial',NULL),(13,5,30,'Goa, India','hire','2017-09-27','month',3,'','kiran','it@digitalequipmentsindia.com','9177876838','doit_yourself',NULL),(14,5,30,'Hyderabad, Telangana, India','hire','2017-08-30','days',3,'','basaveswar','basaveswar.allaka@devrabbit.com','9030880086','commercial',NULL),(15,3,21,'Visakhapatnam, Andhra Pradesh, India','buy','2017-08-10','days',4,'','basaveswar','basaveswar.allaka@devrabbit.com','9030880086','doit_yourself',NULL),(16,3,22,'Hyderabad, Telangana, India','buy','2017-08-31','days',60,'','Madhab','chandrasahoo.madhab@devrabbit.com','8121572957','doit_yourself',NULL),(17,1,2,'Katlamari, West Bengal, India','hire','2017-08-30','days',2,'','Goutham','bigcranesindia@gmail.com','8639660549','commercial',NULL),(18,1,10,'Haryana, India','buy','2017-08-31','month',24,'ready','GS Prasad','gsprasadmdr@gmail.com','9290513099','doit_yourself',NULL),(19,3,21,'Dehradun, Uttarakhand, India','hire','2017-08-15','month',5,'Hai','GS Prasad','gsprasadmdr@gmail.com','9290513099','doit_yourself',NULL),(20,4,27,'Vijayawada, Andhra Pradesh, India','buy','2017-08-24','month',6,'','ABC Suppliers','y.yamini6@gmail.com','9703179760','commercial',NULL),(21,1,4,'Surat, Gujarat, India','hire','2017-08-14','month',6,'the project may go upto 8 months','Suresh Pandey','sgfc64@yahoo.com','9167236051','commercial',NULL),(22,4,24,'Vijayawada, Andhra Pradesh, India','buy','2017-08-23','month',3,'','ABC Suppliers','y.yamini6@gmail.com','9703179760','commercial',NULL),(23,5,32,'Njarackal, Vypin, Kerala, India','buy','2017-08-25','days',6,'','ABC Suppliers','y.yamini6@gmail.com','9703179760','doit_yourself',NULL),(24,1,2,'Visakhapatnam, Andhra Pradesh, India','buy','2017-09-01','days',20,'This is yamini.','ABC Suppliers','y.yamini6@gmail.com','9703179760','commercial',NULL),(25,5,30,'Tamil Nadu, India','buy','2017-09-03','days',30,'Testing from DEI','pushpa','it@digitalequipmentsindia.com','9603118333','doit_yourself',NULL),(26,2,14,'Hyderabad, Telangana, India','buy','2017-08-30','days',4,'Testing getquote for admin','basaveswar','basaveswar.allaka@devrabbit.com','9030880086','commercial',NULL),(27,2,14,'Hyderabad, Telangana, India','buy','2017-08-30','days',4,'Testing getquote for admin','basaveswar','basaveswar.allaka@devrabbit.com','9030880086','commercial',NULL),(28,1,4,'Visakhapatnam, Andhra Pradesh, India','buy','2017-09-01','days',6,'','ABC Suppliers','y.yamini6@gmail.com','9703179760','commercial',NULL),(29,5,32,'Bihar, India','buy','2017-09-30','days',6,'','ABC Suppliers','y.yamini6@gmail.com','9703179760','doit_yourself',NULL),(30,2,14,'Delhi, India','hire','2017-09-28','days',34,'','tina','tina8@gmail.com','9000000007','commercial',NULL),(31,1,2,'Mumbai Central, Mumbai, Maharashtra, India','hire','2017-09-06','month',1,'','Abrar','abrarnadgaonkar27@gmail.com','7738577152','commercial',NULL),(32,3,21,'Mumbai, Maharashtra, India','buy','2017-09-30','month',1,'','Karishma','karishma@datagrid.co.in','9987089938','doit_yourself',NULL),(33,1,6,'Vijayawada, Andhra Pradesh, India','hire','2017-09-21','days',20,'None','Jani Nemana','jani@nemana.com','9703956794','commercial',NULL),(34,5,32,'Hyderabad, Telangana, India','buy','2017-09-14',NULL,NULL,'Testing buy option in getquote from devrabbit','basaveswar','basaveswar.allaka@devrabbit.com','9030880086','doit_yourself','planning_for_budgeting'),(35,1,2,'Bihar, India','hire','2017-09-27','days',6,'','ABC Suppliers','y.yamini6@gmail.com','9703179760','doit_yourself','planning_for_budgeting'),(36,1,6,'Bihar, India','buy','2017-09-29',NULL,NULL,'','ABC Suppliers','y.yamini6@gmail.com','9703179760','commercial','ready_to_use'),(37,5,29,'Vadodara, Gujarat, India','hire','2017-10-01','month',4,'','madhu','cammm_always@yahoo.co.in','8885018188','doit_yourself','planning_for_budgeting'),(38,1,3,'Mehsana, Gujarat, India','hire','2017-11-01','month',48,'25to30ton crane not older then6 years \r\nand 40 ton crane for 2months 2cranes not older then 6years','rajesh','primesteels2010@yahoo.com','9323521568','commercial','planning_for_budgeting'),(39,1,10,'Delhi, India','buy','2017-09-19',NULL,NULL,'','Ramkishan','ramkishanrajbhar11@gmail.com','9823999788','doit_yourself','ready_to_use'),(40,1,4,'Navi Mumbai, Maharashtra, India','hire','2018-04-01','month',6,'80m luffing jib','Sunil makad','info@steelcarriers.in','8286635555','commercial','planning_for_budgeting'),(41,2,16,'Hyderabad, Telangana, India','buy','2017-09-27',NULL,NULL,'hi','Akram','sk.ijaz@gmail.com','8977964821','doit_yourself','planning_for_budgeting');
/*!40000 ALTER TABLE `core_quotation` ENABLE KEYS */;
UNLOCK TABLES;

--
-- Table structure for table `core_regions`
--

DROP TABLE IF EXISTS `core_regions`;
/*!40101 SET @saved_cs_client     = @@character_set_client */;
/*!40101 SET character_set_client = utf8 */;
CREATE TABLE `core_regions` (
  `region_id` int(11) NOT NULL AUTO_INCREMENT,
  `region_name` varchar(255) NOT NULL,
  `region_value` varchar(255) NOT NULL,
  `region_status` tinyint(5) NOT NULL DEFAULT '1' COMMENT '1= active, 2=in-active',
  PRIMARY KEY (`region_id`)
) ENGINE=InnoDB AUTO_INCREMENT=43 DEFAULT CHARSET=latin1;
/*!40101 SET character_set_client = @saved_cs_client */;

--
-- Dumping data for table `core_regions`
--

LOCK TABLES `core_regions` WRITE;
/*!40000 ALTER TABLE `core_regions` DISABLE KEYS */;
INSERT INTO `core_regions` VALUES (1,'India','All India',0),(2,'Andaman and Nicobar Islands','Andaman and Nicobar Islands',1),(3,'Andhra Pradesh','Andhra Pradesh',1),(4,'Arunachal Pradesh','Arunachal Pradesh',1),(5,'Assam','Assam',1),(6,'Bihar','Bihar',1),(7,'Chandigarh','Chandigarh',1),(8,'Chhattisgarh','Chhattisgarh',1),(9,'Dadra and Nagar Haveli','Dadra and Nagar Haveli',1),(10,'Daman and Diu','Daman and Diu',1),(11,'Delhi','Delhi',1),(12,'Goa','Goa',1),(13,'Gujarat','Gujarat',1),(14,'Haryana','Haryana',1),(15,'Himachal Pradesh','Himachal Pradesh',1),(16,'Jammu and Kashmir','Jammu and Kashmir',1),(17,'Jharkhand','Jharkhand',1),(18,'Karnataka','Karnataka',1),(20,'Kerala','Kerala',1),(21,'Lakshadweep','Lakshadweep',1),(22,'Madhya Pradesh','Madhya Pradesh',1),(23,'Maharashtra','Maharashtra',1),(24,'Manipur','Manipur',1),(25,'Meghalaya','Meghalaya',1),(26,'Mizoram','Mizoram',1),(27,'Nagaland','Nagaland',1),(30,'Odisha','Odisha',1),(32,'Pondicherry','Pondicherry',1),(33,'Punjab','Punjab',1),(34,'Rajasthan','Rajasthan',1),(35,'Sikkim','Sikkim',1),(36,'Tamil Nadu','Tamil Nadu',1),(37,'Telangana','Telangana',1),(38,'Tripura','Tripura',1),(39,'Uttar Pradesh','Uttar Pradesh',1),(40,'Uttarakhand','Uttarakhand',1),(42,'West Bengal','West Bengal',1);
/*!40000 ALTER TABLE `core_regions` ENABLE KEYS */;
UNLOCK TABLES;

--
-- Table structure for table `core_sessions`
--

DROP TABLE IF EXISTS `core_sessions`;
/*!40101 SET @saved_cs_client     = @@character_set_client */;
/*!40101 SET character_set_client = utf8 */;
CREATE TABLE `core_sessions` (
  `session_id` int(10) NOT NULL AUTO_INCREMENT,
  `user_id` int(10) NOT NULL,
  `authentication_token` varchar(32) NOT NULL,
  `session_status` int(1) NOT NULL DEFAULT '1',
  `date_created` datetime NOT NULL,
  `date_expiration` datetime NOT NULL,
  `last_activity` timestamp NOT NULL DEFAULT CURRENT_TIMESTAMP,
  `ip_address` varchar(30) NOT NULL,
  `last_page_visited` varchar(200) DEFAULT NULL,
  `mode` tinyint(3) NOT NULL COMMENT '1=web, 2= iPhone, 3 = Andriod',
  `http_user_agent` varchar(250) DEFAULT NULL,
  PRIMARY KEY (`session_id`),
  KEY `user_id` (`user_id`)
) ENGINE=InnoDB AUTO_INCREMENT=334 DEFAULT CHARSET=latin1;
/*!40101 SET character_set_client = @saved_cs_client */;

--
-- Dumping data for table `core_sessions`
--

LOCK TABLES `core_sessions` WRITE;
/*!40000 ALTER TABLE `core_sessions` DISABLE KEYS */;
INSERT INTO `core_sessions` VALUES (1,1000,'lmt8j6ddd13fd56qhd1bknpnc3',1,'2017-08-09 07:57:38','2017-08-09 07:57:38','2017-08-09 07:57:38','183.82.106.91',NULL,0,'Google Chrome'),(2,1000,'0vkrr18qv7g35s7bcgcufmu1a3',1,'2017-08-09 08:00:00','2017-08-09 08:00:00','2017-08-09 08:00:00','183.82.106.91',NULL,0,'Google Chrome'),(3,1022,'rvfs2afurcup48un8ubct5l240',1,'2017-08-09 08:38:02','2017-08-09 08:38:02','2017-08-09 08:38:02','183.82.106.91',NULL,0,'Google Chrome'),(4,1000,'qfqbdic3gdn0adhoa6oi9hj4b5',1,'2017-08-09 08:46:02','2017-08-09 08:46:02','2017-08-09 08:46:02','183.82.106.91',NULL,0,'Google Chrome'),(5,1000,'t07e89j1l262veoj8uj7n188s1',1,'2017-08-09 09:16:40','2017-08-09 09:16:40','2017-08-09 09:16:40','183.82.106.91',NULL,0,'Google Chrome'),(6,1000,'s351b2nj6g6badg4i8nv75cqf0',1,'2017-08-09 11:16:34','2017-08-09 11:16:34','2017-08-09 11:16:34','183.82.106.91',NULL,0,'Google Chrome'),(7,1023,'to05l5i7uie0i5es1caarjkhs6',1,'2017-08-09 11:46:41','2017-08-09 11:46:41','2017-08-09 11:46:41','183.82.106.91',NULL,0,'Google Chrome'),(8,1031,'cg5b6f2c1ppb2turk2gnrn19k5',1,'2017-08-09 11:48:17','2017-08-09 11:48:17','2017-08-09 11:48:17','183.82.106.91',NULL,0,'Google Chrome'),(9,1033,'m1ak2ri779astmhotgthq7coo7',1,'2017-08-09 11:55:39','2017-08-09 11:55:39','2017-08-09 11:55:39','49.206.111.55',NULL,0,'Google Chrome'),(10,1029,'3uil7efu97av7iqtd6924ocf16',1,'2017-08-10 05:08:08','2017-08-10 05:08:08','2017-08-10 05:08:08','183.82.106.91',NULL,0,'Google Chrome'),(11,1027,'cg7v9i5f5006gtfc4jrd4nmuk1',1,'2017-08-10 07:05:17','2017-08-10 07:05:17','2017-08-10 07:05:17','49.206.111.55',NULL,0,'Google Chrome'),(12,1033,'htr834mrrjsfae9d40paiocni3',1,'2017-08-10 07:14:49','2017-08-10 07:14:49','2017-08-10 07:14:49','49.206.111.55',NULL,0,'Google Chrome'),(13,1027,'sfi3li5iatg1q1fi6sutc612m3',1,'2017-08-10 07:42:56','2017-08-10 07:42:56','2017-08-10 07:42:56','49.206.111.55',NULL,0,'Google Chrome'),(14,1034,'idd5fnlmaprtjplhbed6ocqrt4',1,'2017-08-10 09:48:16','2017-08-10 09:48:16','2017-08-10 09:48:16','49.206.111.164',NULL,0,'Google Chrome'),(15,1027,'rvffjho4asrp9t4tqqa59dhjk5',1,'2017-08-10 11:57:43','2017-08-10 11:57:43','2017-08-10 11:57:43','49.206.111.55',NULL,0,'Google Chrome'),(16,1033,'hb454sbbiikcdvvoj0vihg2n26',1,'2017-08-10 11:58:52','2017-08-10 11:58:52','2017-08-10 11:58:52','49.206.111.55',NULL,0,'Google Chrome'),(17,1000,'vus6aph8mrigcbd1fhtj1arjq4',1,'2017-08-10 13:29:21','2017-08-10 13:29:21','2017-08-10 13:29:21','183.82.106.91',NULL,0,'Google Chrome'),(18,1022,'gf9fosajf7js37u56fa5s1rsm5',1,'2017-08-10 13:29:33','2017-08-10 13:29:33','2017-08-10 13:29:33','183.82.106.91',NULL,0,'Google Chrome'),(19,1029,'3oif7pg2homets6s2otr91qed2',1,'2017-08-10 13:34:52','2017-08-10 13:34:52','2017-08-10 13:34:52','183.82.106.91',NULL,0,'Google Chrome'),(20,1000,'jec87fi5ceamol7e0t9rv4vcp4',1,'2017-08-10 13:40:31','2017-08-10 13:40:31','2017-08-10 13:40:31','183.82.106.91',NULL,0,'Google Chrome'),(21,1000,'sbcd92gdrs3t8jq9c6vp95f754',1,'2017-08-10 13:47:46','2017-08-10 13:47:46','2017-08-10 13:47:46','183.82.106.91',NULL,0,'Google Chrome'),(22,1027,'9bfpn0mgeehc7qgbuot4d3lik6',1,'2017-08-11 04:19:07','2017-08-11 04:19:07','2017-08-11 04:19:07','49.206.111.55',NULL,0,'Google Chrome'),(23,1027,'093qo3ujutlkgtu74vo8o8oum4',1,'2017-08-11 04:31:52','2017-08-11 04:31:52','2017-08-11 04:31:52','49.206.111.55',NULL,0,'Google Chrome'),(24,1033,'koocnjt3qf3di7pkni4e082sa0',1,'2017-08-11 04:36:59','2017-08-11 04:36:59','2017-08-11 04:36:59','49.206.111.55',NULL,0,'Google Chrome'),(25,1033,'menfuupoa6ohb34j0g9rucr4l6',1,'2017-08-11 04:46:36','2017-08-11 04:46:36','2017-08-11 04:46:36','49.206.111.55',NULL,0,'Google Chrome'),(26,1033,'9qegpdloutnh8vqga0t2umntn0',1,'2017-08-11 05:03:58','2017-08-11 05:03:58','2017-08-11 05:03:58','49.206.111.55',NULL,0,'Google Chrome'),(27,1027,'cuefu39kmoub7kmncsktbg1d71',1,'2017-08-11 05:39:01','2017-08-11 05:39:01','2017-08-11 05:39:01','49.206.111.55',NULL,0,'Google Chrome'),(28,1023,'jauod96isgordcsubct2hcl762',1,'2017-08-11 05:57:40','2017-08-11 05:57:40','2017-08-11 05:57:40','183.82.106.91',NULL,0,'Google Chrome'),(29,1027,'sdpag2o4cm5qbhmkd8lf9rlt23',1,'2017-08-11 06:04:26','2017-08-11 06:04:26','2017-08-11 06:04:26','49.206.111.55',NULL,0,'Google Chrome'),(30,1027,'dbbg111ccosi2rp0g5spmm6dp0',1,'2017-08-11 06:07:34','2017-08-11 06:07:34','2017-08-11 06:07:34','49.36.1.82',NULL,0,'Google Chrome'),(31,1027,'8rtf652kqfeuvkq94dujfb2144',1,'2017-08-11 06:08:28','2017-08-11 06:08:28','2017-08-11 06:08:28','49.36.1.82',NULL,0,'Google Chrome'),(32,1000,'3aa4kkk4itjtdct1pr6ablkf03',1,'2017-08-11 06:11:02','2017-08-11 06:11:02','2017-08-11 06:11:02','183.82.106.91',NULL,0,'Google Chrome'),(33,1029,'tsov6as3vt4g81cuhe3v6a4h45',1,'2017-08-11 06:11:18','2017-08-11 06:11:18','2017-08-11 06:11:18','183.82.106.91',NULL,0,'Google Chrome'),(34,1034,'lnsa3f9aumivhh4ue8i095sei7',1,'2017-08-11 06:24:15','2017-08-11 06:24:15','2017-08-11 06:24:15','49.36.1.82',NULL,0,'Google Chrome'),(35,1033,'fh8rskp12v8o0jgfrslr5tctl5',1,'2017-08-11 06:27:46','2017-08-11 06:27:46','2017-08-11 06:27:46','49.206.111.55',NULL,0,'Apple Safari'),(36,1027,'tt7o2um9ia8j6n1il1tssrl606',1,'2017-08-11 06:46:52','2017-08-11 06:46:52','2017-08-11 06:46:52','49.36.1.82',NULL,0,'Google Chrome'),(37,1027,'ufh0eetit2e7dgaipuc18949c3',1,'2017-08-11 06:55:23','2017-08-11 06:55:23','2017-08-11 06:55:23','49.36.1.82',NULL,0,'Google Chrome'),(38,1034,'5cdk5k3kuqkcggde62bqh3umk5',1,'2017-08-11 07:19:29','2017-08-11 07:19:29','2017-08-11 07:19:29','49.36.1.82',NULL,0,'Google Chrome'),(39,1034,'j8kkmr4kc281mc741kbmiksu12',1,'2017-08-11 09:47:13','2017-08-11 09:47:13','2017-08-11 09:47:13','49.206.111.55',NULL,0,'Apple Safari'),(40,1036,'hmen5atk3u5n8csfd84f1fku03',1,'2017-08-11 10:56:12','2017-08-11 10:56:12','2017-08-11 10:56:12','103.239.86.143',NULL,0,'Mozilla Firefox'),(41,1027,'1e0p0c490r42f42a8vn0tgejb5',1,'2017-08-11 11:18:14','2017-08-11 11:18:14','2017-08-11 11:18:14','49.36.1.82',NULL,0,'Google Chrome'),(42,1027,'u755q2ttlr1q9oos4gv28nt3m7',1,'2017-08-11 11:39:58','2017-08-11 11:39:58','2017-08-11 11:39:58','49.36.1.82',NULL,0,'Google Chrome'),(43,1034,'5qlpmh34cl733s423voftpbgt2',1,'2017-08-11 11:59:30','2017-08-11 11:59:30','2017-08-11 11:59:30','49.36.1.82',NULL,0,'Google Chrome'),(44,1034,'nhh3p4jf9gb5pjbm5mclp499c7',1,'2017-08-11 12:22:43','2017-08-11 12:22:43','2017-08-11 12:22:43','49.36.1.82',NULL,0,'Google Chrome'),(45,1033,'7pm8g7hbfm6edp93aq2fuv9to7',1,'2017-08-12 05:52:05','2017-08-12 05:52:05','2017-08-12 05:52:05','49.206.111.164',NULL,0,'Google Chrome'),(46,1036,'d7tuk2t225n19i3ftqj1erhgu7',1,'2017-08-12 07:05:22','2017-08-12 07:05:22','2017-08-12 07:05:22','103.239.86.143',NULL,0,'Mozilla Firefox'),(47,1033,'2trpf8853ujeaunmhgibtgb5j3',1,'2017-08-12 08:37:02','2017-08-12 08:37:02','2017-08-12 08:37:02','49.206.111.164',NULL,0,'Google Chrome'),(48,1033,'pambch9e9sbcm82be93pgov0f2',1,'2017-08-12 10:23:44','2017-08-12 10:23:44','2017-08-12 10:23:44','49.206.111.164',NULL,0,'Google Chrome'),(49,1034,'ajf1mj9jdsmbvslj172meo4re3',1,'2017-08-12 12:31:01','2017-08-12 12:31:01','2017-08-12 12:31:01','49.36.1.184',NULL,0,'Google Chrome'),(50,1037,'4129jmcdoqrlbi8lddnv1669r0',1,'2017-08-12 16:52:22','2017-08-12 16:52:22','2017-08-12 16:52:22','67.160.10.41',NULL,0,'Apple Safari'),(51,1026,'3fu9vs2k67meqgirivagjec0r6',1,'2017-08-14 04:25:10','2017-08-14 04:25:10','2017-08-14 04:25:10','49.36.1.253',NULL,0,'Mozilla Firefox'),(52,1033,'np302q4ibbvviqaggs09nsahf4',1,'2017-08-14 06:03:39','2017-08-14 06:03:39','2017-08-14 06:03:39','49.206.111.164',NULL,0,'Google Chrome'),(53,1033,'tbrsucrpe9rlq5a8aovlvl2h95',1,'2017-08-14 08:59:24','2017-08-14 08:59:24','2017-08-14 08:59:24','49.206.111.164',NULL,0,'Google Chrome'),(54,1033,'5101u7hlsidigft2s2c2d0l8s2',1,'2017-08-14 11:34:02','2017-08-14 11:34:02','2017-08-14 11:34:02','49.206.111.164',NULL,0,'Google Chrome'),(55,1037,'9rs9hmld7uug900png022dod36',1,'2017-08-15 03:10:21','2017-08-15 03:10:21','2017-08-15 03:10:21','67.160.10.41',NULL,0,'Apple Safari'),(56,1034,'4k02ba83v71mhoi8d6bpjsgms1',1,'2017-08-15 17:17:50','2017-08-15 17:17:50','2017-08-15 17:17:50','49.206.99.179',NULL,0,'Google Chrome'),(57,1026,'05cm4jl236hrr3h50qrnfofoo5',1,'2017-08-16 05:26:58','2017-08-16 05:26:58','2017-08-16 05:26:58','49.206.111.164',NULL,0,'Mozilla Firefox'),(58,1033,'5sc23ba5c84botqf0fokb9nfi3',1,'2017-08-16 05:30:07','2017-08-16 05:30:07','2017-08-16 05:30:07','49.206.111.164',NULL,0,'Google Chrome'),(59,1033,'799fhd8usaj1793t5ocjlupkj3',1,'2017-08-16 06:00:47','2017-08-16 06:00:47','2017-08-16 06:00:47','49.206.111.164',NULL,0,'Google Chrome'),(60,1032,'amp5tnp5vlrdqqag8hpfojekk1',1,'2017-08-16 06:37:12','2017-08-16 06:37:12','2017-08-16 06:37:12','49.36.1.82',NULL,0,'Mozilla Firefox'),(61,1033,'04u9tn26gs1656o8poac97co83',1,'2017-08-17 04:58:53','2017-08-17 04:58:53','2017-08-17 04:58:53','49.206.111.164',NULL,0,'Google Chrome'),(62,1032,'2so9tor749f3tk5brm5a96tl16',1,'2017-08-17 05:19:58','2017-08-17 05:19:58','2017-08-17 05:19:58','49.36.1.82',NULL,0,'Mozilla Firefox'),(63,1000,'q9bmmqlmtkvmhnda0ck938p352',1,'2017-08-17 06:03:22','2017-08-17 06:03:22','2017-08-17 06:03:22','183.82.106.91',NULL,0,'Google Chrome'),(64,1022,'mfd6q6vjldmskc2ftm7qloth40',1,'2017-08-17 08:57:08','2017-08-17 08:57:08','2017-08-17 08:57:08','183.82.106.91',NULL,0,'Google Chrome'),(65,1000,'p19a3dvh65p8teag06erntqpo2',1,'2017-08-17 09:12:50','2017-08-17 09:12:50','2017-08-17 09:12:50','183.82.106.91',NULL,0,'Google Chrome'),(66,1000,'f1ekas7k736l66obhuhetgpif6',1,'2017-08-17 09:15:32','2017-08-17 09:15:32','2017-08-17 09:15:32','183.82.106.91',NULL,0,'Google Chrome'),(67,1032,'okm9s605h86s7ncgp9ttokjta6',1,'2017-08-17 09:31:32','2017-08-17 09:31:32','2017-08-17 09:31:32','49.36.1.82',NULL,0,'Google Chrome'),(68,1033,'2gj9ecalrf44frfd5uj3u91a50',1,'2017-08-17 09:39:47','2017-08-17 09:39:47','2017-08-17 09:39:47','49.206.111.164',NULL,0,'Google Chrome'),(69,1026,'v4u6l8d3accv48m3kvagb0d2k5',1,'2017-08-17 09:42:58','2017-08-17 09:42:58','2017-08-17 09:42:58','49.36.1.82',NULL,0,'Mozilla Firefox'),(70,1000,'4e7q9ddqo0gq5khn24ll3ivsb0',1,'2017-08-17 10:08:57','2017-08-17 10:08:57','2017-08-17 10:08:57','183.82.106.91',NULL,0,'Google Chrome'),(71,1033,'6ndpl0cdncljut48mdn6heh3r1',1,'2017-08-17 10:23:22','2017-08-17 10:23:22','2017-08-17 10:23:22','49.206.111.164',NULL,0,'Google Chrome'),(72,1038,'mdmu0omb7vmk9s4ng6ev534g15',1,'2017-08-17 11:00:31','2017-08-17 11:00:31','2017-08-17 11:00:31','49.206.111.164',NULL,0,'Google Chrome'),(73,1033,'stdltortmq2lkob427j5bbcle3',1,'2017-08-17 11:08:43','2017-08-17 11:08:43','2017-08-17 11:08:43','49.206.111.164',NULL,0,'Google Chrome'),(74,1033,'lehlo4lob1k8n991v5g9uke9i6',1,'2017-08-17 11:27:17','2017-08-17 11:27:17','2017-08-17 11:27:17','49.36.1.82',NULL,0,'Google Chrome'),(75,1027,'g5s83of05cc7serh8f9i42omh6',1,'2017-08-17 11:29:30','2017-08-17 11:29:30','2017-08-17 11:29:30','157.48.9.126',NULL,0,'Google Chrome'),(76,1033,'3t8c6lk8tifkd6evbhrq614f31',1,'2017-08-17 12:01:46','2017-08-17 12:01:46','2017-08-17 12:01:46','49.206.111.164',NULL,0,'Google Chrome'),(77,1033,'ajccbjpqc8if7mkqelhrhpa6k4',1,'2017-08-17 12:03:08','2017-08-17 12:03:08','2017-08-17 12:03:08','49.206.111.164',NULL,0,'Google Chrome'),(78,1036,'dj2s8fb0s5t8bipedq28f8fvo0',1,'2017-08-18 04:59:27','2017-08-18 04:59:27','2017-08-18 04:59:27','103.239.86.143',NULL,0,'Mozilla Firefox'),(79,1032,'50t3pok26ukonl2qenfpn3mq27',1,'2017-08-18 05:23:24','2017-08-18 05:23:24','2017-08-18 05:23:24','49.36.1.82',NULL,0,'Mozilla Firefox'),(80,1033,'pvsljvgrisfa0cr6t4rptp7ot1',1,'2017-08-18 06:06:53','2017-08-18 06:06:53','2017-08-18 06:06:53','49.206.111.164',NULL,0,'Google Chrome'),(81,1042,'8nq87s0am5756r922003i4b1j1',1,'2017-08-18 12:20:06','2017-08-18 12:20:06','2017-08-18 12:20:06','49.206.111.164',NULL,0,'Google Chrome'),(82,1033,'hb09u9jljh0ir9f86n62hbhav5',1,'2017-08-18 13:09:53','2017-08-18 13:09:53','2017-08-18 13:09:53','49.206.111.164',NULL,0,'Google Chrome'),(83,1033,'gnsmtqt23p6fh9tq9f03nl52l3',1,'2017-08-19 05:14:25','2017-08-19 05:14:25','2017-08-19 05:14:25','49.206.111.164',NULL,0,'Google Chrome'),(84,1026,'d2aghsnq9hvodpa547jkut0722',1,'2017-08-19 07:20:23','2017-08-19 07:20:23','2017-08-19 07:20:23','47.11.240.22',NULL,0,'Apple Safari'),(85,1022,'fcocacld4hnprsr6eg98nfrug5',1,'2017-08-19 16:35:48','2017-08-19 16:35:48','2017-08-19 16:35:48','183.83.80.221',NULL,0,'Google Chrome'),(86,1000,'2i8db6tpl3f41sqoskmbcmi4g5',1,'2017-08-19 16:44:53','2017-08-19 16:44:53','2017-08-19 16:44:53','124.123.84.11',NULL,0,'Google Chrome'),(87,1034,'5dul35qurj6bs96a1tei6rtcd0',1,'2017-08-20 02:17:52','2017-08-20 02:17:52','2017-08-20 02:17:52','49.206.106.249',NULL,0,'Google Chrome'),(88,1026,'0a57v7mkptvohoh43tvr3ohr14',1,'2017-08-21 04:15:29','2017-08-21 04:15:29','2017-08-21 04:15:29','49.36.1.82',NULL,0,'Mozilla Firefox'),(89,1033,'dhd1prifbdt1kn4ucsp8ji6g93',1,'2017-08-21 04:25:00','2017-08-21 04:25:00','2017-08-21 04:25:00','49.206.111.164',NULL,0,'Google Chrome'),(90,1032,'t94s1l7p0prc655v02p4gfvt20',1,'2017-08-21 04:50:06','2017-08-21 04:50:06','2017-08-21 04:50:06','49.36.1.82',NULL,0,'Mozilla Firefox'),(91,1033,'rigb1b4jse9gkhdttpl9pcq592',1,'2017-08-21 04:53:06','2017-08-21 04:53:06','2017-08-21 04:53:06','49.206.111.164',NULL,0,'Mozilla Firefox'),(92,1033,'1041dhufuqsrc2m0t6v3gq3bg0',1,'2017-08-21 05:17:06','2017-08-21 05:17:06','2017-08-21 05:17:06','49.206.111.164',NULL,0,'Google Chrome'),(93,1033,'uhf5ndsndl2a1cpv8n61ctqh00',1,'2017-08-21 05:48:46','2017-08-21 05:48:46','2017-08-21 05:48:46','49.206.111.164',NULL,0,'Google Chrome'),(94,1042,'pphc7bu6mka9jt2qktkgtbp9l6',1,'2017-08-21 07:08:08','2017-08-21 07:08:08','2017-08-21 07:08:08','49.206.111.164',NULL,0,'Google Chrome'),(95,1033,'n822bf8cotp6rfpa6sg278tvm5',1,'2017-08-21 07:47:07','2017-08-21 07:47:07','2017-08-21 07:47:07','49.206.111.164',NULL,0,'Google Chrome'),(96,1032,'ihj9mknto4pooarpm39d3hauu0',1,'2017-08-21 07:59:00','2017-08-21 07:59:00','2017-08-21 07:59:00','49.36.1.82',NULL,0,'Google Chrome'),(97,1032,'drv5ehrn6gsh0tt18rt8iq06s6',1,'2017-08-21 12:27:29','2017-08-21 12:27:29','2017-08-21 12:27:29','49.36.1.82',NULL,0,'Google Chrome'),(98,1032,'ukln2lu95jatk0vh56hse0gqo6',1,'2017-08-22 05:01:23','2017-08-22 05:01:23','2017-08-22 05:01:23','49.36.1.82',NULL,0,'Google Chrome'),(99,1033,'2kh88tujott50hq62n7mvcd9f7',1,'2017-08-22 05:52:37','2017-08-22 05:52:37','2017-08-22 05:52:37','49.36.1.82',NULL,0,'Google Chrome'),(100,1033,'kmngkv0l4815k7l4uv6svhbm06',1,'2017-08-22 07:36:38','2017-08-22 07:36:38','2017-08-22 07:36:38','49.36.1.82',NULL,0,'Google Chrome'),(101,1026,'hrr1887t0ckm5u0kunu0i57hj0',1,'2017-08-22 07:57:16','2017-08-22 07:57:16','2017-08-22 07:57:16','49.36.1.82',NULL,0,'Google Chrome'),(102,1033,'jm47sqguobhfdlbpa5t8r0rac2',1,'2017-08-22 07:58:52','2017-08-22 07:58:52','2017-08-22 07:58:52','49.36.1.82',NULL,0,'Google Chrome'),(103,1032,'0q8a5nl2qdsjchttn3bp07qji2',1,'2017-08-22 07:59:14','2017-08-22 07:59:14','2017-08-22 07:59:14','49.36.1.82',NULL,0,'Mozilla Firefox'),(104,1000,'32ibpqb39luvejm3d2jcrcg133',1,'2017-08-22 10:14:24','2017-08-22 10:14:24','2017-08-22 10:14:24','183.82.106.91',NULL,0,'Google Chrome'),(105,1034,'j893e9ssgv59osd959lo25hgh4',1,'2017-08-22 11:09:57','2017-08-22 11:09:57','2017-08-22 11:09:57','49.206.111.152',NULL,0,'Google Chrome'),(106,1026,'gtjsvmfoikrldqb46a2l6om1c5',1,'2017-08-22 16:27:57','2017-08-22 16:27:57','2017-08-22 16:27:57','106.51.212.121',NULL,0,'Google Chrome'),(107,1032,'7hlmfif2hc5qntalm2mdenbqa7',1,'2017-08-23 04:40:40','2017-08-23 04:40:40','2017-08-23 04:40:40','49.36.1.82',NULL,0,'Mozilla Firefox'),(108,1033,'otpv6soqem8jslcd9accbvrk85',1,'2017-08-23 04:55:02','2017-08-23 04:55:02','2017-08-23 04:55:02','49.206.111.152',NULL,0,'Google Chrome'),(109,1033,'3f3icl481td5e198ise09s3v24',1,'2017-08-23 05:16:33','2017-08-23 05:16:33','2017-08-23 05:16:33','49.206.111.152',NULL,0,'Google Chrome'),(110,1033,'f6u3dn71ghdmnn50viha2ieui6',1,'2017-08-23 08:26:42','2017-08-23 08:26:42','2017-08-23 08:26:42','49.36.1.82',NULL,0,'Google Chrome'),(111,1033,'s0ifhsmnrhvfvefqqkv9tid2i2',1,'2017-08-24 09:46:10','2017-08-24 09:46:10','2017-08-24 04:16:10','49.206.111.152',NULL,0,'Google Chrome'),(112,1033,'d7r7cut2nsklcusnr5i174a736',1,'2017-08-24 09:46:56','2017-08-24 09:46:56','2017-08-24 04:16:56','49.206.111.152',NULL,0,'Google Chrome'),(113,1033,'bri22p2lumljvk2bklmocd4b32',1,'2017-08-24 17:02:27','2017-08-24 17:02:27','2017-08-24 11:32:27','49.36.1.82',NULL,0,'Mozilla Firefox'),(114,1032,'7a5or0ci451dm563rfq9cmp2p3',1,'2017-08-24 17:44:33','2017-08-24 17:44:33','2017-08-24 12:14:33','49.36.1.82',NULL,0,'Mozilla Firefox'),(115,1034,'06nr0obs69fdf3jngcsldune97',1,'2017-08-24 19:07:55','2017-08-24 19:07:55','2017-08-24 13:37:55','49.36.1.82',NULL,0,'Google Chrome'),(116,1032,'ho5na7o5f1desr9gcmqqse4ib2',1,'2017-08-24 19:08:55','2017-08-24 19:08:55','2017-08-24 13:38:55','49.36.1.82',NULL,0,'Google Chrome'),(117,1033,'cv53kpt6jkcna2sgnt4v9jpri6',1,'2017-08-26 10:54:07','2017-08-26 10:54:07','2017-08-26 05:24:07','49.206.111.152',NULL,0,'Google Chrome'),(118,1033,'l6njgbkafl8pphltnvhtk22q62',1,'2017-08-26 10:54:24','2017-08-26 10:54:24','2017-08-26 05:24:24','49.206.111.152',NULL,0,'Google Chrome'),(119,1033,'s1tv7ch8l4qnmh50n61ko7r304',1,'2017-08-28 09:56:00','2017-08-28 09:56:00','2017-08-28 04:26:00','49.206.111.152',NULL,0,'Google Chrome'),(120,1033,'3gf62j17cj56mijra8evqefb71',1,'2017-08-28 11:46:20','2017-08-28 11:46:20','2017-08-28 06:16:20','49.206.111.152',NULL,0,'Google Chrome'),(121,1032,'nk59uhh522rrrdnpfac0b2j8h3',1,'2017-08-28 11:54:41','2017-08-28 11:54:41','2017-08-28 06:24:41','49.36.1.253',NULL,0,'Mozilla Firefox'),(122,1032,'p454kp4kv23olf8dji543mqlc2',1,'2017-08-28 11:57:53','2017-08-28 11:57:53','2017-08-28 06:27:53','49.36.1.253',NULL,0,'Mozilla Firefox'),(123,1034,'i0fv8bcgi15o59ms0muen1gt77',1,'2017-08-28 11:58:39','2017-08-28 11:58:39','2017-08-28 06:28:39','49.206.111.152',NULL,0,'Google Chrome'),(124,1033,'fsk9ibom8f8c41ejp7ph8pmrk7',1,'2017-08-28 11:59:33','2017-08-28 11:59:33','2017-08-28 06:29:33','49.206.111.152',NULL,0,'Google Chrome'),(125,1032,'91uj4r60unipevjlesgcciahu5',1,'2017-08-28 15:07:51','2017-08-28 15:07:51','2017-08-28 09:37:51','49.36.1.253',NULL,0,'Mozilla Firefox'),(126,1000,'ntulmq5menepc4dnme4su4qpn2',1,'2017-08-28 19:09:43','2017-08-28 19:09:43','2017-08-28 13:39:43','183.82.106.91',NULL,0,'Google Chrome'),(127,1033,'qrb85ov4k884h44o5e8pivmns5',1,'2017-08-29 10:05:25','2017-08-29 10:05:25','2017-08-29 04:35:25','49.206.111.152',NULL,0,'Google Chrome'),(128,1033,'pfh991dlmqesioukiikj8plpv7',1,'2017-08-29 10:05:53','2017-08-29 10:05:53','2017-08-29 04:35:53','49.206.111.152',NULL,0,'Google Chrome'),(129,1032,'p75rfa93drpc11v222rh63hcc0',1,'2017-08-29 11:56:08','2017-08-29 11:56:08','2017-08-29 06:26:08','49.36.1.253',NULL,0,'Mozilla Firefox'),(130,1033,'smj1uarkrfverlmg3o37d6gfa6',1,'2017-08-29 15:31:06','2017-08-29 15:31:06','2017-08-29 10:01:06','49.206.111.152',NULL,0,'Google Chrome'),(131,1033,'nupvne9kh6po1s1t5ti80mqcr6',1,'2017-08-29 15:33:50','2017-08-29 15:33:50','2017-08-29 10:03:50','49.206.111.152',NULL,0,'Google Chrome'),(132,1033,'ustjbbpkdf52b84lfubtpcra27',1,'2017-08-29 17:16:35','2017-08-29 17:16:35','2017-08-29 11:46:35','49.206.111.152',NULL,0,'Google Chrome'),(133,1033,'vq7g33kgulgmu353jiej0s7ps7',1,'2017-08-30 10:25:15','2017-08-30 10:25:15','2017-08-30 04:55:15','49.206.103.10',NULL,0,'Google Chrome'),(134,1032,'pdd7lnq7ou85f3ddkte27oelf0',1,'2017-08-30 11:27:12','2017-08-30 11:27:12','2017-08-30 05:57:12','49.36.1.253',NULL,0,'Mozilla Firefox'),(135,1045,'m6apul1egn6f188gmc6lkckbn5',1,'2017-08-30 12:04:07','2017-08-30 12:04:07','2017-08-30 06:34:07','49.33.178.9',NULL,0,'Apple Safari'),(136,1046,'qpjs30r6fcm4fs141vncce8k66',1,'2017-08-30 12:20:11','2017-08-30 12:20:11','2017-08-30 06:50:11','49.206.103.10',NULL,0,'Google Chrome'),(137,1033,'3op08tck6708upim0isuv1uu60',1,'2017-08-30 12:30:35','2017-08-30 12:30:35','2017-08-30 07:00:35','49.206.103.10',NULL,0,'Google Chrome'),(138,1034,'jjorre7q0dc07uttgrv3ebqvn6',1,'2017-08-30 13:26:53','2017-08-30 13:26:53','2017-08-30 07:56:53','49.36.1.253',NULL,0,'Google Chrome'),(139,1034,'ute79rp9906kost0tde04063p5',1,'2017-08-30 13:27:28','2017-08-30 13:27:28','2017-08-30 07:57:28','49.36.1.253',NULL,0,'Google Chrome'),(140,1033,'e73dlbcitt4o5cs9ig2p0cmcl0',1,'2017-08-30 14:07:52','2017-08-30 14:07:52','2017-08-30 08:37:52','49.206.103.10',NULL,0,'Google Chrome'),(141,1033,'iqokf7lnb5g999sept6mt721b6',1,'2017-08-31 10:20:04','2017-08-31 10:20:04','2017-08-31 04:50:04','49.206.103.10',NULL,0,'Google Chrome'),(142,1034,'p1dfbualjj1as2vr5a4c6jubc3',1,'2017-08-31 12:38:17','2017-08-31 12:38:17','2017-08-31 07:08:17','49.206.103.10',NULL,0,'Google Chrome'),(143,1034,'qj0911e97kepm5qfr5df7qkrr0',1,'2017-08-31 12:39:07','2017-08-31 12:39:07','2017-08-31 07:09:07','49.206.103.10',NULL,0,'Google Chrome'),(144,1033,'pmbge2ltg3r3a7ll9qeg8nmlo0',1,'2017-08-31 12:40:58','2017-08-31 12:40:58','2017-08-31 07:10:58','49.206.103.10',NULL,0,'Google Chrome'),(145,1045,'bmfnh7ko41lh0drr7uskud36e0',1,'2017-08-31 13:03:00','2017-08-31 13:03:00','2017-08-31 07:33:00','49.33.247.207',NULL,0,'Apple Safari'),(146,1027,'7j2k25rn6ao37u3peo6bok1hf0',1,'2017-08-31 13:50:37','2017-08-31 13:50:37','2017-08-31 08:20:37','49.33.247.207',NULL,0,'Google Chrome'),(147,1027,'ora8mr0t3fou95vadouepsgmj2',1,'2017-08-31 14:47:21','2017-08-31 14:47:21','2017-08-31 09:17:21','49.33.247.207',NULL,0,'Apple Safari'),(148,1033,'9hte4i9i9qrcs5hgf0ppmrrdd7',1,'2017-08-31 15:39:45','2017-08-31 15:39:45','2017-08-31 10:09:45','49.206.103.10',NULL,0,'Google Chrome'),(149,1033,'dpr28k829pus16ta2dnvhc0fu1',1,'2017-08-31 15:51:18','2017-08-31 15:51:18','2017-08-31 10:21:18','49.206.103.10',NULL,0,'Google Chrome'),(150,1027,'h9mtk30ngaub4c656ssvenhe97',1,'2017-08-31 18:30:35','2017-08-31 18:30:35','2017-08-31 13:00:35','49.206.103.10',NULL,0,'Google Chrome'),(151,1027,'mnr16bch3q40f9me45u628vem2',1,'2017-08-31 18:39:16','2017-08-31 18:39:16','2017-08-31 13:09:16','49.206.103.10',NULL,0,'Google Chrome'),(152,1027,'b89hcu6stmbv05df2k6fm39im4',1,'2017-08-31 18:42:21','2017-08-31 18:42:21','2017-08-31 13:12:21','49.206.103.10',NULL,0,'Google Chrome'),(153,1027,'ln96d6n9229ejkb6nf00kshv34',1,'2017-08-31 18:45:34','2017-08-31 18:45:34','2017-08-31 13:15:34','49.36.1.253',NULL,0,'Mozilla Firefox'),(154,1027,'c8ka447mveskppll1nlbud1ku3',1,'2017-08-31 18:56:22','2017-08-31 18:56:22','2017-08-31 13:26:22','49.36.1.253',NULL,0,'Mozilla Firefox'),(155,1032,'3dc0sqbu5nq80gb8b5dokavq92',1,'2017-08-31 18:56:42','2017-08-31 18:56:42','2017-08-31 13:26:42','49.36.1.253',NULL,0,'Mozilla Firefox'),(156,1027,'k7ptkv9uc2l4i8abpsjvu5v3p1',1,'2017-08-31 18:58:18','2017-08-31 18:58:18','2017-08-31 13:28:18','49.206.103.10',NULL,0,'Google Chrome'),(157,1032,'lqig48pa15v0vjt6c680096a91',1,'2017-08-31 18:58:55','2017-08-31 18:58:55','2017-08-31 13:28:55','49.36.1.253',NULL,0,'Mozilla Firefox'),(158,1027,'9ol9vapr6knck2k2tlmbvbeej1',1,'2017-08-31 18:59:39','2017-08-31 18:59:39','2017-08-31 13:29:39','49.206.103.10',NULL,0,'Google Chrome'),(159,1027,'ou1h83jjdgg8jbfmiic7jshu00',1,'2017-08-31 19:01:58','2017-08-31 19:01:58','2017-08-31 13:31:58','49.206.103.10',NULL,0,'Google Chrome'),(160,1033,'rosjgbih972nbsncbdptbmijq6',1,'2017-08-31 19:08:25','2017-08-31 19:08:25','2017-08-31 13:38:25','49.206.103.10',NULL,0,'Google Chrome'),(161,1048,'mn7lbrjv3382n881004h6oaj12',1,'2017-08-31 19:31:27','2017-08-31 19:31:27','2017-08-31 14:01:27','49.206.103.10',NULL,0,'Google Chrome'),(162,1048,'b2b2qnhbj48uedrv4tkuekgtn4',1,'2017-08-31 19:33:44','2017-08-31 19:33:44','2017-08-31 14:03:44','49.206.103.10',NULL,0,'Google Chrome'),(163,1026,'irvlat534klfa1fqnhg8gg9b34',1,'2017-09-01 09:18:54','2017-09-01 09:18:54','2017-09-01 03:48:54','49.36.1.103',NULL,0,'Google Chrome'),(164,1033,'pk0352mn3hf6mqauhst0485hb0',1,'2017-09-01 09:46:33','2017-09-01 09:46:33','2017-09-01 04:16:33','49.206.103.10',NULL,0,'Google Chrome'),(165,1033,'bea0u4dir8ndobgr6ad5big6a2',1,'2017-09-01 09:52:03','2017-09-01 09:52:03','2017-09-01 04:22:03','49.206.103.10',NULL,0,'Google Chrome'),(166,1027,'2dldgit886t71l5b52hptmra34',1,'2017-09-01 09:52:31','2017-09-01 09:52:31','2017-09-01 04:22:31','49.206.103.10',NULL,0,'Google Chrome'),(167,1033,'c002tjjf3813m5nihd0n3dbc42',1,'2017-09-01 09:56:46','2017-09-01 09:56:46','2017-09-01 04:26:46','49.206.103.10',NULL,0,'Google Chrome'),(168,1033,'caesjjb7opa04n0cb0cfssma74',1,'2017-09-01 09:58:38','2017-09-01 09:58:38','2017-09-01 04:28:38','49.206.103.10',NULL,0,'Google Chrome'),(169,1048,'dpndp88j1rjbr1eeu8ip24q2n5',1,'2017-09-01 10:04:42','2017-09-01 10:04:42','2017-09-01 04:34:42','49.206.103.10',NULL,0,'Google Chrome'),(170,1048,'0do5eoajtl1tjgcj7tvttci3t2',1,'2017-09-01 10:05:51','2017-09-01 10:05:51','2017-09-01 04:35:51','49.206.103.10',NULL,0,'Google Chrome'),(171,1048,'r4lvau222k353kl46j01u4vfm3',1,'2017-09-01 10:06:47','2017-09-01 10:06:47','2017-09-01 04:36:47','49.206.103.10',NULL,0,'Google Chrome'),(172,1048,'i32hh7kqd3kcg64nsd9ti51hk1',1,'2017-09-01 10:20:36','2017-09-01 10:20:36','2017-09-01 04:50:36','49.206.103.10',NULL,0,'Google Chrome'),(173,1033,'dq3or1a5d2hon87dk5kptqrpm0',1,'2017-09-01 10:21:23','2017-09-01 10:21:23','2017-09-01 04:51:23','49.206.103.10',NULL,0,'Google Chrome'),(174,1033,'5i13i2imnv1vnondghl23lola1',1,'2017-09-01 10:26:38','2017-09-01 10:26:38','2017-09-01 04:56:38','49.206.103.10',NULL,0,'Google Chrome'),(175,1027,'lcn7hvep66jb0gs31hnggmmin6',1,'2017-09-01 12:21:53','2017-09-01 12:21:53','2017-09-01 06:51:53','49.33.2.134',NULL,0,'Apple Safari'),(176,1049,'gtp7dm7ok52f3noc1d8om27tq7',1,'2017-09-01 12:27:04','2017-09-01 12:27:04','2017-09-01 06:57:04','49.33.2.134',NULL,0,'Apple Safari'),(177,1050,'0q8lll42vre78e9gq8n80ct326',1,'2017-09-01 15:41:03','2017-09-01 15:41:03','2017-09-01 10:11:03','49.36.1.82',NULL,0,'Mozilla Firefox'),(178,1050,'ba6nnqa48bi61rrh340ja8piv6',1,'2017-09-01 15:41:36','2017-09-01 15:41:36','2017-09-01 10:11:36','49.36.1.82',NULL,0,'Mozilla Firefox'),(179,1050,'if8g2qcqi0mpemni6iblrhh451',1,'2017-09-01 15:44:01','2017-09-01 15:44:01','2017-09-01 10:14:01','49.33.2.134',NULL,0,'Apple Safari'),(180,1050,'un5s4upij8v536kgt7taq4niu3',1,'2017-09-01 16:02:46','2017-09-01 16:02:46','2017-09-01 10:32:46','49.33.2.134',NULL,0,'Apple Safari'),(181,1050,'5830a9rfluu3on0i16lto481i2',1,'2017-09-01 16:16:17','2017-09-01 16:16:17','2017-09-01 10:46:17','49.33.2.134',NULL,0,'Apple Safari'),(182,1033,'vekvtd5cgocj0r2nnp12jlb676',1,'2017-09-02 11:02:41','2017-09-02 11:02:41','2017-09-02 05:32:41','49.206.99.231',NULL,0,'Google Chrome'),(183,1033,'h7akr6dct4g5so6e7gfkb08ft2',1,'2017-09-02 11:25:48','2017-09-02 11:25:48','2017-09-02 05:55:48','49.206.99.231',NULL,0,'Google Chrome'),(184,1033,'chbam3vsk6df3mm4v5j30vhn15',1,'2017-09-02 13:32:33','2017-09-02 13:32:33','2017-09-02 08:02:33','49.206.99.231',NULL,0,'Google Chrome'),(185,1033,'qag5fajalg8mo1jql9kvtf44p0',1,'2017-09-02 13:51:58','2017-09-02 13:51:58','2017-09-02 08:21:58','49.206.99.231',NULL,0,'Google Chrome'),(186,1032,'op66v16gcm292u36g4n66uf8t7',1,'2017-09-04 09:49:13','2017-09-04 09:49:13','2017-09-04 04:19:13','49.36.1.82',NULL,0,'Mozilla Firefox'),(187,1033,'knacppnr4bintm7d6dhbtmf0f7',1,'2017-09-04 10:25:03','2017-09-04 10:25:03','2017-09-04 04:55:03','49.206.99.231',NULL,0,'Google Chrome'),(188,1032,'bdv4m744nv46m3hean6bihs2b4',1,'2017-09-04 12:05:11','2017-09-04 12:05:11','2017-09-04 06:35:11','49.36.1.82',NULL,0,'Mozilla Firefox'),(189,1033,'culvcf1qmn1ul4nsdtn5kt9f91',1,'2017-09-04 12:18:37','2017-09-04 12:18:37','2017-09-04 06:48:37','49.206.99.231',NULL,0,'Google Chrome'),(190,1033,'8imgqj2evs8vmf24paffadvug5',1,'2017-09-04 13:03:46','2017-09-04 13:03:46','2017-09-04 07:33:46','49.206.99.231',NULL,0,'Mozilla Firefox'),(191,1033,'tgoljcpqfals05lac4ikvh8a65',1,'2017-09-04 15:23:11','2017-09-04 15:23:11','2017-09-04 09:53:11','49.36.1.72',NULL,0,'Google Chrome'),(192,1033,'eoqhna9fovv8vqppk11211kju5',1,'2017-09-04 15:32:04','2017-09-04 15:32:04','2017-09-04 10:02:04','49.36.1.72',NULL,0,'Google Chrome'),(193,1033,'vpg7vm66980a0p3ngfa5t18vl2',1,'2017-09-04 15:56:22','2017-09-04 15:56:22','2017-09-04 10:26:22','49.36.1.72',NULL,0,'Mozilla Firefox'),(194,1051,'qtdlo3kjtk06aqssh47u5jquh6',1,'2017-09-05 13:46:22','2017-09-05 13:46:22','2017-09-05 08:16:22','106.203.80.221',NULL,0,'Google Chrome'),(195,1034,'bers9rv3gorm5km8m7su5acqb7',1,'2017-09-05 14:16:12','2017-09-05 14:16:12','2017-09-05 08:46:12','49.206.101.196',NULL,0,'Google Chrome'),(196,1034,'qabsjajd5h5tnkdk37elgas901',1,'2017-09-05 14:27:49','2017-09-05 14:27:49','2017-09-05 08:57:49','49.36.1.72',NULL,0,'Mozilla Firefox'),(197,1033,'6878sq7aaj1jaep6vgub215qg4',1,'2017-09-05 15:02:02','2017-09-05 15:02:02','2017-09-05 09:32:02','49.206.101.196',NULL,0,'Google Chrome'),(198,1052,'ocaasi7jc0bs052rhmqiadfnp1',1,'2017-09-05 18:35:26','2017-09-05 18:35:26','2017-09-05 13:05:26','49.36.1.72',NULL,0,'Google Chrome'),(199,1052,'01cv8cvhq58scqh981q34orps7',1,'2017-09-06 10:43:27','2017-09-06 10:43:27','2017-09-06 05:13:27','49.36.1.72',NULL,0,'Google Chrome'),(200,1033,'042no5tajsn9mtqg7sva8e3tf1',1,'2017-09-06 11:20:27','2017-09-06 11:20:27','2017-09-06 05:50:27','49.206.101.196',NULL,0,'Google Chrome'),(201,1052,'gosdkcaqg0o5rpkdudf5vuc3q2',1,'2017-09-06 11:51:52','2017-09-06 11:51:52','2017-09-06 06:21:52','49.36.1.72',NULL,0,'Google Chrome'),(202,1049,'n3jnh83536t0c2agu41s9tb240',1,'2017-09-06 12:50:52','2017-09-06 12:50:52','2017-09-06 07:20:52','182.56.179.199',NULL,0,'Mozilla Firefox'),(203,1049,'a4rrqu3hh98o0uh1evnj6bpcb7',1,'2017-09-06 12:50:53','2017-09-06 12:50:53','2017-09-06 07:20:53','182.56.179.199',NULL,0,'Mozilla Firefox'),(204,1053,'39ahu0r839gqtbt7sn02lhp8i4',1,'2017-09-06 15:07:45','2017-09-06 15:07:45','2017-09-06 09:37:45','122.169.105.157',NULL,0,'Google Chrome'),(205,1053,'39ahu0r839gqtbt7sn02lhp8i4',1,'2017-09-06 15:07:46','2017-09-06 15:07:46','2017-09-06 09:37:46','122.169.105.157',NULL,0,'Google Chrome'),(206,1053,'ri1asg80hcrq00ejb1q3ou5op7',1,'2017-09-06 15:28:58','2017-09-06 15:28:58','2017-09-06 09:58:58','122.169.105.157',NULL,0,'Google Chrome'),(207,1054,'2b4c7kavdjajj63tr2u7nk4fc1',1,'2017-09-06 15:41:21','2017-09-06 15:41:21','2017-09-06 10:11:21','106.79.207.85',NULL,0,'Apple Safari'),(208,1054,'ii36gk3f6c9k76v44ciom6hpp3',1,'2017-09-06 15:59:37','2017-09-06 15:59:37','2017-09-06 10:29:37','106.79.207.85',NULL,0,'Apple Safari'),(209,1054,'gd6h3j74pm6l97hcg05rv636j7',1,'2017-09-06 16:00:58','2017-09-06 16:00:58','2017-09-06 10:30:58','106.79.207.85',NULL,0,'Apple Safari'),(210,1034,'8d6oe78uqnj4re4m98jg82rkp4',1,'2017-09-06 20:38:54','2017-09-06 20:38:54','2017-09-06 15:08:54','49.206.106.144',NULL,0,'Google Chrome'),(211,1055,'ggn2dl9iunquv9enp92gkg3d37',1,'2017-09-06 20:50:57','2017-09-06 20:50:57','2017-09-06 15:20:57','171.79.243.0',NULL,0,'Google Chrome'),(212,1055,'idpic4p2dupbqt7v3117t89uo3',1,'2017-09-06 21:10:09','2017-09-06 21:10:09','2017-09-06 15:40:09','171.79.243.0',NULL,0,'Google Chrome'),(213,1056,'afln3vcrs4o12vv3dansbiokm4',1,'2017-09-07 09:24:37','2017-09-07 09:24:37','2017-09-07 03:54:37','203.90.80.2',NULL,0,'Google Chrome'),(214,1056,'eo8nfso69ceccoulj0513cjf66',1,'2017-09-07 09:36:25','2017-09-07 09:36:25','2017-09-07 04:06:25','49.248.43.186',NULL,0,'Google Chrome'),(215,1057,'tbdttuh3u0mijm662d4g1vo9h2',1,'2017-09-07 10:53:04','2017-09-07 10:53:04','2017-09-07 05:23:04','223.229.229.166',NULL,0,'Unknown'),(216,1058,'qlr6pvr3jri8p0dkpq661bb1k0',1,'2017-09-07 11:11:14','2017-09-07 11:11:14','2017-09-07 05:41:14','49.206.102.193',NULL,0,'Google Chrome'),(217,1033,'ta3jnata13ju9946vhoeop1hf5',1,'2017-09-07 11:17:10','2017-09-07 11:17:10','2017-09-07 05:47:10','49.206.101.196',NULL,0,'Google Chrome'),(218,1058,'ng27pboifqdm73n94erl0r5mm4',1,'2017-09-07 12:50:26','2017-09-07 12:50:26','2017-09-07 07:20:26','49.206.99.139',NULL,0,'Google Chrome'),(219,1033,'lmg08v23ps3r8o11ma9gnbgsj0',1,'2017-09-07 15:19:46','2017-09-07 15:19:46','2017-09-07 09:49:46','49.206.99.139',NULL,0,'Google Chrome'),(220,1059,'5dn1iaqeu881hjrt2u9lotm3v2',1,'2017-09-07 15:37:58','2017-09-07 15:37:58','2017-09-07 10:07:58','165.225.106.69',NULL,0,'Google Chrome'),(221,1060,'t773s4t2cflc7nao20599jafn1',1,'2017-09-07 15:44:26','2017-09-07 15:44:26','2017-09-07 10:14:26','223.185.208.179',NULL,0,'Google Chrome'),(222,1061,'3ef3gqhsc150850g0ik6749501',1,'2017-09-07 16:27:23','2017-09-07 16:27:23','2017-09-07 10:57:23','49.35.11.127',NULL,0,'Google Chrome'),(223,1027,'bjo9qcjdk6ashis16lcirnldn3',1,'2017-09-07 16:29:50','2017-09-07 16:29:50','2017-09-07 10:59:50','49.206.99.139',NULL,0,'Apple Safari'),(224,1026,'auram2loetadnm5cuchvjimat2',1,'2017-09-07 17:23:39','2017-09-07 17:23:39','2017-09-07 11:53:39','49.206.99.139',NULL,0,'Apple Safari'),(225,1058,'oourk5fn79um8o9car5vso7185',1,'2017-09-07 17:24:13','2017-09-07 17:24:13','2017-09-07 11:54:13','49.206.99.139',NULL,0,'Google Chrome'),(226,1032,'le28r0bnb5vnnvdu8o38bgc2a0',1,'2017-09-08 10:18:30','2017-09-08 10:18:30','2017-09-08 04:48:30','49.36.1.72',NULL,0,'Google Chrome'),(227,1033,'nvl2jbd1vg9hpr59v2boh1pqu4',1,'2017-09-08 10:38:32','2017-09-08 10:38:32','2017-09-08 05:08:32','49.206.101.196',NULL,0,'Google Chrome'),(228,1033,'tencbd2hjrl30gj49jecf2dlg3',1,'2017-09-08 14:32:28','2017-09-08 14:32:28','2017-09-08 09:02:28','49.206.101.196',NULL,0,'Google Chrome'),(229,1026,'oqt89nah9o193vt24jdqmse095',1,'2017-09-08 16:53:52','2017-09-08 16:53:52','2017-09-08 11:23:52','49.206.99.139',NULL,0,'Apple Safari'),(230,1033,'66stnn0do5tbn14cf4lldkae34',1,'2017-09-08 17:31:06','2017-09-08 17:31:06','2017-09-08 12:01:06','49.206.101.196',NULL,0,'Google Chrome'),(231,1033,'1e518m7j204tgu2ttv8svkj435',1,'2017-09-09 11:44:34','2017-09-09 11:44:34','2017-09-09 06:14:34','49.206.101.196',NULL,0,'Google Chrome'),(232,1033,'rm4vp0rurv0v5oamtpk4nt5pr3',1,'2017-09-09 11:52:54','2017-09-09 11:52:54','2017-09-09 06:22:54','49.206.101.196',NULL,0,'Google Chrome'),(233,1033,'qtvo1tlq9jdtaud1hacclt0di1',1,'2017-09-11 10:33:18','2017-09-11 10:33:18','2017-09-11 05:03:18','49.206.101.196',NULL,0,'Google Chrome'),(234,1033,'kijeugs1l2dheuq1ban4ld98g3',1,'2017-09-11 11:50:26','2017-09-11 11:50:26','2017-09-11 06:20:26','49.206.101.196',NULL,0,'Google Chrome'),(235,1000,'m6jda2ag69gq79p9av9ia9vsc4',1,'2017-09-11 14:23:19','2017-09-11 14:23:19','2017-09-11 08:53:19','183.82.106.91',NULL,0,'Google Chrome'),(236,1033,'ciufcdiu1179buqvr6s8li56l0',1,'2017-09-12 11:06:42','2017-09-12 11:06:42','2017-09-12 05:36:42','49.206.101.196',NULL,0,'Google Chrome'),(237,1063,'mjekg9ihbf7mfurcc047fkqr74',1,'2017-09-12 16:11:21','2017-09-12 16:11:21','2017-09-12 10:41:21','49.206.101.196',NULL,0,'Google Chrome'),(238,1033,'i0ga2il0p7j0v1cub0rtl8a3a5',1,'2017-09-12 16:12:35','2017-09-12 16:12:35','2017-09-12 10:42:35','49.206.101.196',NULL,0,'Google Chrome'),(239,1034,'l1glc1kkbgmr1dsmd1i5cie3o6',1,'2017-09-12 18:41:11','2017-09-12 18:41:11','2017-09-12 13:11:11','49.206.101.196',NULL,0,'Google Chrome'),(240,1000,'c1dn0mnpdot3d0mbvuq8283c62',1,'2017-09-12 20:04:03','2017-09-12 20:04:03','2017-09-12 14:34:03','124.123.84.11',NULL,0,'Google Chrome'),(241,1033,'9s4phpvq72e3oluv57fmabvd40',1,'2017-09-13 10:08:09','2017-09-13 10:08:09','2017-09-13 04:38:09','49.206.101.196',NULL,0,'Google Chrome'),(242,1023,'4qkv197upvq3rpm06gocqcu983',1,'2017-09-14 12:10:22','2017-09-14 12:10:22','2017-09-14 06:40:22','183.82.106.91',NULL,0,'Google Chrome'),(243,1027,'0b73ch37gh63umiaomjs2glhs3',1,'2017-09-14 12:51:23','2017-09-14 12:51:23','2017-09-14 07:21:23','49.206.96.177',NULL,0,'Apple Safari'),(244,1033,'4h63jg2at64nqllqueteg7uhn0',1,'2017-09-14 17:55:40','2017-09-14 17:55:40','2017-09-14 12:25:40','49.206.101.196',NULL,0,'Google Chrome'),(245,1065,'i64m8at2mmlg55k4m8fj8ea4d2',1,'2017-09-15 01:08:30','2017-09-15 01:08:30','2017-09-14 19:38:30','103.233.67.99',NULL,0,'Apple Safari'),(246,1033,'oefrhm4bal5csqbgl7lakad281',1,'2017-09-15 11:11:01','2017-09-15 11:11:01','2017-09-15 05:41:01','49.206.101.196',NULL,0,'Google Chrome'),(247,1066,'cvfehr7skptuks73smml8ni2n3',1,'2017-09-15 12:19:53','2017-09-15 12:19:53','2017-09-15 06:49:53','49.206.101.196',NULL,0,'Google Chrome'),(248,1066,'nop6vljcef4c3uhn0tes74bf75',1,'2017-09-15 12:20:33','2017-09-15 12:20:33','2017-09-15 06:50:33','49.206.101.196',NULL,0,'Google Chrome'),(249,1068,'0tpmi68jbvp8mf399qom7gfkd7',1,'2017-09-15 15:42:40','2017-09-15 15:42:40','2017-09-15 10:12:40','49.206.101.196',NULL,0,'Google Chrome'),(250,1024,'egbtnqk8arq0ih3jmhq8rs2cn7',1,'2017-09-15 17:01:40','2017-09-15 17:01:40','2017-09-15 11:31:40','49.206.96.177',NULL,0,'Google Chrome'),(251,1054,'dtt3h27nomhkdj2e686d302ag4',1,'2017-09-15 17:06:13','2017-09-15 17:06:13','2017-09-15 11:36:13','49.206.96.177',NULL,0,'Google Chrome'),(252,1000,'h3vacks1iio7lpvvrnf60em556',1,'2017-09-15 17:46:31','2017-09-15 17:46:31','2017-09-15 12:16:31','183.82.106.91',NULL,0,'Google Chrome'),(253,1000,'6h6tt3623sug8tu2e55sua5nf5',1,'2017-09-15 18:25:36','2017-09-15 18:25:36','2017-09-15 12:55:36','183.82.106.91',NULL,0,'Google Chrome'),(254,1070,'86lntnq4kcfj7qgdj2albuctp2',1,'2017-09-16 09:55:40','2017-09-16 09:55:40','2017-09-16 04:25:40','171.79.160.62',NULL,0,'Google Chrome'),(255,1026,'ibjvcgh0hg00itcpfmkgjsjdr3',1,'2017-09-16 10:23:58','2017-09-16 10:23:58','2017-09-16 04:53:58','157.48.12.133',NULL,0,'Google Chrome'),(256,1033,'00q57h315djd0orkmi1r9ebvi1',1,'2017-09-16 14:40:15','2017-09-16 14:40:15','2017-09-16 09:10:15','49.206.101.196',NULL,0,'Google Chrome'),(257,1033,'64jlcupnqooeus6loam7hv5ih4',1,'2017-09-16 14:40:27','2017-09-16 14:40:27','2017-09-16 09:10:27','49.206.101.196',NULL,0,'Google Chrome'),(258,1027,'e4v5b37rqrschrhmsnnbthpqi1',1,'2017-09-16 22:00:39','2017-09-16 22:00:39','2017-09-16 16:30:39','49.206.111.32',NULL,0,'Apple Safari'),(259,1027,'v3vrq2l8p2iul4qd85gprgnjl2',1,'2017-09-16 22:32:05','2017-09-16 22:32:05','2017-09-16 17:02:05','49.206.111.32',NULL,0,'Apple Safari'),(260,1022,'r0k5sg7lgcvv52818nc5pglab7',1,'2017-09-18 18:22:22','2017-09-18 18:22:22','2017-09-18 12:52:22','183.82.106.91',NULL,0,'Google Chrome'),(261,1000,'ce1o920oqsjoumkv7oo2mndli1',1,'2017-09-18 18:42:30','2017-09-18 18:42:30','2017-09-18 13:12:30','183.82.106.91',NULL,0,'Google Chrome'),(262,1033,'mvt85sqv39a4mkb4bhve34gcu0',1,'2017-09-19 10:48:11','2017-09-19 10:48:11','2017-09-19 05:18:11','49.206.107.152',NULL,0,'Google Chrome'),(263,1022,'7bl3pu8ls8siv2k56ogkncs1e0',1,'2017-09-19 11:13:04','2017-09-19 11:13:04','2017-09-19 05:43:04','183.82.106.91',NULL,0,'Google Chrome'),(264,1049,'t86bue1n82c7j5nm1t9aredkd7',1,'2017-09-19 11:28:15','2017-09-19 11:28:15','2017-09-19 05:58:15','182.56.189.68',NULL,0,'Google Chrome'),(265,1071,'cu7ddn1lciatviib5i0q34au31',1,'2017-09-19 11:32:48','2017-09-19 11:32:48','2017-09-19 06:02:48','182.56.189.68',NULL,0,'Google Chrome'),(266,1027,'0denputj5gnjq8927fic4eivh7',1,'2017-09-19 11:35:35','2017-09-19 11:35:35','2017-09-19 06:05:35','49.206.97.17',NULL,0,'Google Chrome'),(267,1033,'ea4qtgok1ktjtpqt73nm1hfoj5',1,'2017-09-19 11:57:39','2017-09-19 11:57:39','2017-09-19 06:27:39','49.206.107.152',NULL,0,'Google Chrome'),(268,1033,'to5ku8rmfhuat8hbel5fcuta36',1,'2017-09-19 12:15:47','2017-09-19 12:15:47','2017-09-19 06:45:47','49.206.107.152',NULL,0,'Google Chrome'),(269,1073,'9fkbqp6teepq3ahafsjr90fd57',1,'2017-09-19 15:19:34','2017-09-19 15:19:34','2017-09-19 09:49:34','182.56.189.68',NULL,0,'Google Chrome'),(270,1073,'9fkbqp6teepq3ahafsjr90fd57',1,'2017-09-19 15:19:34','2017-09-19 15:19:34','2017-09-19 09:49:34','182.56.189.68',NULL,0,'Google Chrome'),(271,1033,'n6t826c01l7s682evb7jsa9ik3',1,'2017-09-19 15:31:57','2017-09-19 15:31:57','2017-09-19 10:01:57','49.206.107.152',NULL,0,'Google Chrome'),(272,1074,'0rkjg6kfj8bav0nkbn11d7rab5',1,'2017-09-19 17:44:05','2017-09-19 17:44:05','2017-09-19 12:14:05','203.192.235.42',NULL,0,'Google Chrome'),(273,1033,'2oub0epkhuv2pqfls2niotl5q0',1,'2017-09-20 11:56:51','2017-09-20 11:56:51','2017-09-20 06:26:51','49.206.107.152',NULL,0,'Google Chrome'),(274,1033,'k9eek3o8rtsf4hhd2k6165luf6',1,'2017-09-20 11:57:57','2017-09-20 11:57:57','2017-09-20 06:27:57','49.206.107.152',NULL,0,'Google Chrome'),(275,1075,'gtolt082i2q207tva0j6cg9ov0',1,'2017-09-20 14:36:59','2017-09-20 14:36:59','2017-09-20 09:06:59','115.97.1.234',NULL,0,'Google Chrome'),(276,1076,'96sol8qdggpir5bf3bk1qchb25',1,'2017-09-20 14:42:56','2017-09-20 14:42:56','2017-09-20 09:12:56','47.31.3.201',NULL,0,'Google Chrome'),(277,1074,'l08is9e853goimhsb8i9h8gpq5',1,'2017-09-20 14:53:23','2017-09-20 14:53:23','2017-09-20 09:23:23','120.63.204.233',NULL,0,'Google Chrome'),(278,1074,'ekc4hs21jhlvk8tqhsso2elbb7',1,'2017-09-20 14:53:28','2017-09-20 14:53:28','2017-09-20 09:23:28','203.192.235.42',NULL,0,'Google Chrome'),(279,1056,'cfvjsvpa70onifs81roh3gu244',1,'2017-09-20 16:20:59','2017-09-20 16:20:59','2017-09-20 10:50:59','202.189.251.175',NULL,0,'Google Chrome'),(280,1026,'bupi86v4hkls2jj9mhrk6h0uu7',1,'2017-09-20 18:16:24','2017-09-20 18:16:24','2017-09-20 12:46:24','49.36.1.251',NULL,0,'Google Chrome'),(281,1076,'i8ds0815q0k4bivd2bnhi6q497',1,'2017-09-20 18:57:47','2017-09-20 18:57:47','2017-09-20 13:27:47','47.31.0.19',NULL,0,'Google Chrome'),(282,1074,'5i7vc7qoc6cmthqgd9ugkrc7v6',1,'2017-09-21 11:27:24','2017-09-21 11:27:24','2017-09-21 05:57:24','182.56.219.138',NULL,0,'Google Chrome'),(283,1074,'mc3ofievkcbvgubvrdbhvqfg21',1,'2017-09-21 11:27:54','2017-09-21 11:27:54','2017-09-21 05:57:54','182.56.219.138',NULL,0,'Google Chrome'),(284,1077,'9j37mmic68jqc1kgvudd6v9gf5',1,'2017-09-21 12:14:36','2017-09-21 12:14:36','2017-09-21 06:44:36','103.48.58.98',NULL,0,'Google Chrome'),(285,1026,'bo6a01pctm6i4uektmjilb71k2',1,'2017-09-21 13:40:12','2017-09-21 13:40:12','2017-09-21 08:10:12','49.36.1.139',NULL,0,'Google Chrome'),(286,1077,'dq4nmr2neipsbkcpseskf51296',1,'2017-09-21 14:17:38','2017-09-21 14:17:38','2017-09-21 08:47:38','49.36.1.139',NULL,0,'Google Chrome'),(287,1077,'ulmkc0lhdn86mggv9vkr6iqpu0',1,'2017-09-21 14:19:59','2017-09-21 14:19:59','2017-09-21 08:49:59','103.48.58.98',NULL,0,'Google Chrome'),(288,1033,'g3d2qctdpmj7dsnilkr3e9nih7',1,'2017-09-21 14:40:35','2017-09-21 14:40:35','2017-09-21 09:10:35','49.206.107.152',NULL,0,'Google Chrome'),(289,1027,'ou10f6svm87iao56natqd42aa2',1,'2017-09-21 17:57:51','2017-09-21 17:57:51','2017-09-21 12:27:51','49.206.97.17',NULL,0,'Google Chrome'),(290,1027,'72q5sic092n3kgoa6j99msul17',1,'2017-09-21 17:58:46','2017-09-21 17:58:46','2017-09-21 12:28:46','49.206.97.17',NULL,0,'Google Chrome'),(291,1027,'cbqb2pf6mm6esqjd1qillvard7',1,'2017-09-21 17:59:20','2017-09-21 17:59:20','2017-09-21 12:29:20','49.206.97.17',NULL,0,'Google Chrome'),(292,1034,'bbnqqkrgh92cbipkifeml0oc53',1,'2017-09-21 18:00:58','2017-09-21 18:00:58','2017-09-21 12:30:58','49.36.1.139',NULL,0,'Google Chrome'),(293,1034,'34ljut96dfned1s8hnh2p7v3n7',1,'2017-09-21 18:29:32','2017-09-21 18:29:32','2017-09-21 12:59:32','49.36.1.139',NULL,0,'Google Chrome'),(294,1078,'o0f2flh0kd2tlp8d65phlcc6g3',1,'2017-09-21 19:54:18','2017-09-21 19:54:18','2017-09-21 14:24:18','106.66.134.144',NULL,0,'Google Chrome'),(295,1000,'g7if4dpru8kd39rm9qk6ckdrd1',1,'2017-09-22 10:14:06','2017-09-22 10:14:06','2017-09-22 04:44:06','183.82.106.91',NULL,0,'Google Chrome'),(296,1000,'39gunrd02d1kl0p5pdrpr8ppl1',1,'2017-09-22 10:16:04','2017-09-22 10:16:04','2017-09-22 04:46:04','183.82.106.91',NULL,0,'Google Chrome'),(297,1000,'vamld28jg98ug93pic90hi41k2',1,'2017-09-22 11:18:30','2017-09-22 11:18:30','2017-09-22 05:48:30','183.82.106.91',NULL,0,'Google Chrome'),(298,1033,'r0km54iuncgflv2q3favlfgn15',1,'2017-09-22 11:47:49','2017-09-22 11:47:49','2017-09-22 06:17:49','49.206.107.152',NULL,0,'Google Chrome'),(299,1032,'4omanfp43qmqvghgb93im759l1',1,'2017-09-22 12:06:21','2017-09-22 12:06:21','2017-09-22 06:36:21','49.36.1.139',NULL,0,'Mozilla Firefox'),(300,1033,'an107poo2nglte924t9nelol55',1,'2017-09-22 12:12:45','2017-09-22 12:12:45','2017-09-22 06:42:45','49.206.107.152',NULL,0,'Google Chrome'),(301,1079,'en92arp8kah8qg784lv623jb01',1,'2017-09-22 12:23:06','2017-09-22 12:23:06','2017-09-22 06:53:06','182.57.85.77',NULL,0,'Google Chrome'),(302,1033,'8kkf6rr1jmakgn0t3bu1jgh062',1,'2017-09-22 15:09:53','2017-09-22 15:09:53','2017-09-22 09:39:53','49.206.107.152',NULL,0,'Google Chrome'),(303,1080,'cfp8c684hig4sp19g89q7o9542',1,'2017-09-22 16:38:54','2017-09-22 16:38:54','2017-09-22 11:08:54','223.180.30.109',NULL,0,'Google Chrome'),(304,1080,'kmo3d0sdn9c86m2ri0nsknkjj7',1,'2017-09-22 16:41:40','2017-09-22 16:41:40','2017-09-22 11:11:40','223.180.30.109',NULL,0,'Google Chrome'),(305,1081,'4vc99gjnigu72csq0jhf0248q6',1,'2017-09-22 17:33:24','2017-09-22 17:33:24','2017-09-22 12:03:24','202.71.20.74',NULL,0,'Google Chrome'),(306,1080,'bb7vleohudi5m2cfq0k2d0gn21',1,'2017-09-22 18:44:36','2017-09-22 18:44:36','2017-09-22 13:14:36','49.206.97.17',NULL,0,'Google Chrome'),(307,1027,'q464f43bbblqdiho6mf9oemdd2',1,'2017-09-22 18:50:52','2017-09-22 18:50:52','2017-09-22 13:20:52','49.206.97.17',NULL,0,'Google Chrome'),(308,1080,'kl3f40ao1p9636k0ulq6he8e61',1,'2017-09-22 19:33:47','2017-09-22 19:33:47','2017-09-22 14:03:47','49.206.97.17',NULL,0,'Google Chrome'),(309,1033,'6nlv1ug4528gj78i9aav3b3lr1',1,'2017-09-23 10:18:11','2017-09-23 10:18:11','2017-09-23 04:48:11','49.206.107.152',NULL,0,'Google Chrome'),(310,1080,'fpaeqccoml9md7jnogfo5g7j33',1,'2017-09-23 12:25:26','2017-09-23 12:25:26','2017-09-23 06:55:26','106.209.215.225',NULL,0,'Google Chrome'),(311,1080,'5dstsn2cmc1dag7hkls0j63dt4',1,'2017-09-23 12:34:23','2017-09-23 12:34:23','2017-09-23 07:04:23','106.209.215.225',NULL,0,'Google Chrome'),(312,1033,'ql5lg2rfu8la5v0043kkmsu9k5',1,'2017-09-23 12:55:48','2017-09-23 12:55:48','2017-09-23 07:25:48','49.206.107.152',NULL,0,'Google Chrome'),(313,1082,'13evbtjiofbaekuneho32ma430',1,'2017-09-23 13:11:50','2017-09-23 13:11:50','2017-09-23 07:41:50','183.87.94.34',NULL,0,'Google Chrome'),(314,1033,'rhni72eaopennln63om53ktjl7',1,'2017-09-23 14:25:18','2017-09-23 14:25:18','2017-09-23 08:55:18','49.206.107.152',NULL,0,'Google Chrome'),(315,1083,'elr7p6dkoj3ltjckvact7k13e5',1,'2017-09-23 14:28:55','2017-09-23 14:28:55','2017-09-23 08:58:55','114.79.134.14',NULL,0,'Google Chrome'),(316,1034,'97jmd8fausd7bqr1ngucm2kmv0',1,'2017-09-23 14:34:11','2017-09-23 14:34:11','2017-09-23 09:04:11','49.206.107.152',NULL,0,'Google Chrome'),(317,1080,'fts0hv541qgc2hct7511et5f31',1,'2017-09-23 14:35:51','2017-09-23 14:35:51','2017-09-23 09:05:51','49.206.107.152',NULL,0,'Google Chrome'),(318,1080,'oibca7dpi2iddftmcab1ua7ef0',1,'2017-09-23 14:36:27','2017-09-23 14:36:27','2017-09-23 09:06:27','49.206.107.152',NULL,0,'Google Chrome'),(319,1080,'p2aboa4ll74rqr02b5i7qsf7j2',1,'2017-09-23 14:44:50','2017-09-23 14:44:50','2017-09-23 09:14:50','106.209.157.37',NULL,0,'Google Chrome'),(320,1033,'anipk17v7e9logkd8a9jaqqes6',1,'2017-09-23 15:01:12','2017-09-23 15:01:12','2017-09-23 09:31:12','49.206.107.152',NULL,0,'Google Chrome'),(321,1033,'2q2199s9pab06aua7nrglrh773',1,'2017-09-23 16:17:46','2017-09-23 16:17:46','2017-09-23 10:47:46','49.206.107.152',NULL,0,'Google Chrome'),(322,1026,'orug2uc6csca6ndnmvke7ngrc0',1,'2017-09-23 16:31:48','2017-09-23 16:31:48','2017-09-23 11:01:48','49.206.97.17',NULL,0,'Google Chrome'),(323,1026,'3p4bitmug4oi84ho0l3p1p5872',1,'2017-09-23 17:03:27','2017-09-23 17:03:27','2017-09-23 11:33:27','49.206.107.152',NULL,0,'Google Chrome'),(324,1083,'f7nd3mkurdlpvnsbslik8h87e5',1,'2017-09-23 17:17:40','2017-09-23 17:17:40','2017-09-23 11:47:40','114.79.134.14',NULL,0,'Google Chrome'),(325,1026,'eqoiau39b0jo30un23tdl5tqj6',1,'2017-09-23 17:19:59','2017-09-23 17:19:59','2017-09-23 11:49:59','49.206.107.152',NULL,0,'Google Chrome'),(326,1034,'to3mrad284pdie98inglad7ie7',1,'2017-09-25 11:05:40','2017-09-25 11:05:40','2017-09-25 05:35:40','49.206.107.152',NULL,0,'Google Chrome'),(327,1033,'47q44dt07vlstntco504e0cb23',1,'2017-09-25 11:06:21','2017-09-25 11:06:21','2017-09-25 05:36:21','49.206.107.152',NULL,0,'Google Chrome'),(328,1033,'kmlshsud27q49iia0j15hse354',1,'2017-09-25 11:06:45','2017-09-25 11:06:45','2017-09-25 05:36:45','49.206.107.152',NULL,0,'Google Chrome'),(329,1000,'af8nsas5390ij7gq0aod8kdot5',1,'2017-09-25 11:19:22','2017-09-25 11:19:22','2017-09-25 05:49:22','183.82.106.91',NULL,0,'Mozilla Firefox'),(330,1084,'tv64ai6729tbl21j8q7ap3a5g1',1,'2017-09-25 11:29:55','2017-09-25 11:29:55','2017-09-25 05:59:55','47.11.14.91',NULL,0,'Google Chrome'),(331,1080,'ailmcke8n0a9gog92246b5d910',1,'2017-09-25 14:50:42','2017-09-25 14:50:42','2017-09-25 09:20:42','106.209.144.130',NULL,0,'Google Chrome'),(332,1026,'0s5hjl47it1gutfn07s2ho9be5',1,'2017-09-25 14:53:37','2017-09-25 14:53:37','2017-09-25 09:23:37','49.206.107.152',NULL,0,'Google Chrome'),(333,1033,'s3aos5ikb6sdtp5lrvgvciq463',1,'2017-09-25 16:27:08','2017-09-25 16:27:08','2017-09-25 10:57:08','49.206.107.152',NULL,0,'Google Chrome');
/*!40000 ALTER TABLE `core_sessions` ENABLE KEYS */;
UNLOCK TABLES;

--
-- Table structure for table `core_user_roles`
--

DROP TABLE IF EXISTS `core_user_roles`;
/*!40101 SET @saved_cs_client     = @@character_set_client */;
/*!40101 SET character_set_client = utf8 */;
CREATE TABLE `core_user_roles` (
  `role_id` int(11) NOT NULL AUTO_INCREMENT,
  `role_name` varchar(45) NOT NULL,
  `date_created` timestamp NOT NULL DEFAULT CURRENT_TIMESTAMP,
  PRIMARY KEY (`role_id`)
) ENGINE=InnoDB DEFAULT CHARSET=latin1;
/*!40101 SET character_set_client = @saved_cs_client */;

--
-- Dumping data for table `core_user_roles`
--

LOCK TABLES `core_user_roles` WRITE;
/*!40000 ALTER TABLE `core_user_roles` DISABLE KEYS */;
/*!40000 ALTER TABLE `core_user_roles` ENABLE KEYS */;
UNLOCK TABLES;

--
-- Table structure for table `core_user_x_roles`
--

DROP TABLE IF EXISTS `core_user_x_roles`;
/*!40101 SET @saved_cs_client     = @@character_set_client */;
/*!40101 SET character_set_client = utf8 */;
CREATE TABLE `core_user_x_roles` (
  `user_role_id` int(10) NOT NULL AUTO_INCREMENT,
  `user_id` int(10) NOT NULL,
  `role_id` int(11) NOT NULL,
  `date_created` timestamp NOT NULL DEFAULT CURRENT_TIMESTAMP,
  `created_by` int(11) NOT NULL COMMENT 'created user - id details for reference',
  PRIMARY KEY (`user_role_id`),
  KEY `user_id` (`user_id`),
  KEY `role_id` (`role_id`)
) ENGINE=InnoDB DEFAULT CHARSET=latin1;
/*!40101 SET character_set_client = @saved_cs_client */;

--
-- Dumping data for table `core_user_x_roles`
--

LOCK TABLES `core_user_x_roles` WRITE;
/*!40000 ALTER TABLE `core_user_x_roles` DISABLE KEYS */;
/*!40000 ALTER TABLE `core_user_x_roles` ENABLE KEYS */;
UNLOCK TABLES;

--
-- Table structure for table `core_users`
--

DROP TABLE IF EXISTS `core_users`;
/*!40101 SET @saved_cs_client     = @@character_set_client */;
/*!40101 SET character_set_client = utf8 */;
CREATE TABLE `core_users` (
  `user_id` int(11) NOT NULL AUTO_INCREMENT,
  `user_name` varchar(50) NOT NULL,
  `email` varchar(50) NOT NULL,
  `password` varchar(255) NOT NULL,
  `phone_number` varchar(25) NOT NULL,
  `company_name` varchar(45) DEFAULT NULL,
  `company_address` text,
  `designation` varchar(35) DEFAULT NULL,
  `company_email` varchar(150) DEFAULT NULL,
  `user_status` int(11) NOT NULL COMMENT '1=registered, 2=verified OTP / active, 3=inactive',
  `date_created` timestamp NOT NULL DEFAULT CURRENT_TIMESTAMP,
  `date_modified` timestamp NOT NULL DEFAULT '0000-00-00 00:00:00',
  `otp_code` varchar(45) DEFAULT NULL,
  `user_type` tinyint(5) DEFAULT NULL COMMENT '1=public user, 2=data-operator, 3=salesexecutive,\n4=sales-manager, 5=admin, 6=super-admin',
  PRIMARY KEY (`user_id`)
) ENGINE=InnoDB AUTO_INCREMENT=1085 DEFAULT CHARSET=latin1;
/*!40101 SET character_set_client = @saved_cs_client */;

--
-- Dumping data for table `core_users`
--

LOCK TABLES `core_users` WRITE;
/*!40000 ALTER TABLE `core_users` DISABLE KEYS */;
INSERT INTO `core_users` VALUES (1000,'basaveswar','basaveswar.allaka@devrabbit.com','25f9e794323b453885f5181f1b624d0b','9030880086','Devrabbit','hyderabad','Senior Developer','basaveswar.allaka@devrabbit.com',2,'2017-07-20 04:58:05','0000-00-00 00:00:00','901021',1),(1022,'Akram','sk.ijaz@gmail.com','a850347302f9504c4e1054310855c28f','8977964821','Devrabbit IT Solutions2','Hyd.','Software Developer','akram.shaik@devrabbit.com',2,'2017-07-27 11:11:29','0000-00-00 00:00:00','677647',1),(1023,'Madhab','chandrasahoo.madhab@devrabbit.com','25f9e794323b453885f5181f1b624d0b','8121572957','DevRabbit','','','',2,'2017-07-27 11:18:28','0000-00-00 00:00:00','724523',1),(1024,'Goutham','dgteqp@gmail.com','0693af1f474be60462b31e34896d994f','8639660549','DEI','india','D','dgteqp@gmail.com',2,'2017-07-27 14:40:32','0000-00-00 00:00:00','896772',1),(1025,'kiran','it@digitalequipmentsindia.com','a15270efd850f4fae265b33f69d5146e','9177876838','BIG CRANES INDIA','mvp colony','Software Tester','it@digitalequipmentsindia.com',2,'2017-07-27 14:53:57','0000-00-00 00:00:00','703745',1),(1026,'Goutham','bigcranesindia@gmail.com','555c0ed44d35987410e6cf6dbb6dbe94','9642700766','DEI','Visakhapatnam','D','adithyaroc@gmail.com',2,'2017-07-27 15:45:39','0000-00-00 00:00:00','717799',1),(1027,'GS Prasad','gsprasadmdr@gmail.com','9090000b117f247d50fe449d369b1aec','9290513099','MDR','Visakhapatnam','Manager','mdrvizag@gmail.com',2,'2017-07-28 05:11:23','0000-00-00 00:00:00','932865',1),(1028,'Dharma','ceo@digitalequipmentsindia.com','505c77da4a637c4a0820b5d952f0c2eb','9246611422','DEI','Pune, India','C','ceo@digitalequipmentsindia.com',2,'2017-07-28 07:06:38','0000-00-00 00:00:00','780469',1),(1029,'eshwar','eshwar.allaka@gmail.com','25f9e794323b453885f5181f1b624d0b','8341489596','devrabbit','','developer','',2,'2017-08-04 11:08:26','0000-00-00 00:00:00','507280',1),(1030,'Akram','akram.shaik@devrabbit.com','a850347302f9504c4e1054310855c28f','9676964821','DevRabbit Notifii Apartments','Vizag','Teamlead','akram.shaik@devrabbit.com',2,'2017-08-04 11:14:33','0000-00-00 00:00:00','962074',1),(1031,'Madhab','msahoo001@gmail.com','25f9e794323b453885f5181f1b624d0b','9337687316','Devrabbit','','','',2,'2017-08-07 09:59:15','0000-00-00 00:00:00','290477',1),(1032,'pushpa','pushpa.pl03@gmail.com','6cb50464eaa38a56a374890d1f197344','9603118333','BCI','MVP','Software','it@digitalequipmentsindi.com',2,'2017-08-07 13:59:48','0000-00-00 00:00:00','874330',1),(1033,'ABC Suppliers','y.yamini6@gmail.com','ba917a765f34f20b3fee6389c0af3d2a','9703179760','ABC Suppliers','MVP Colony, Ushodaya Junction, Near Appolo Pharmacy.','Supplier','y.yamini6@gmail.com',2,'2017-08-09 06:43:10','0000-00-00 00:00:00','521623',1),(1034,'Jani Nemana','jani@nemana.com','b09a0634aff1d175e6a4b75f51cc6ae8','9703956794','MMS','','Manager','info@mihirmobile.com',2,'2017-08-10 09:47:57','0000-00-00 00:00:00','209699',1),(1035,'abcd','gsp@gamil.com','60b50f5df861cb82c2fe7a570504ab0b','9876543210','asz','','','',1,'2017-08-10 12:21:23','0000-00-00 00:00:00','709857',1),(1036,'archercranes','ashish.tiwari@thinkarcher.com','e4e00e7d62d07d1624894cc1c92d1f26','9158194455','Archer Cranes and Equipment Pvt Ltd','Archer Cranes & Equipment (I) Pvt. Ltd. 68 A.Q. Ansari Road , Block D 3   MIDC Chinchwad | Pune 411019','Sales Manager','ashish.tiwari@thinkarcher.com',2,'2017-08-11 10:55:51','0000-00-00 00:00:00','450891',1),(1037,'Kesav','krayaprolu@hotmail.com','cefe537c7ca67f5697b09322f55b921e','4252143186','Seahawks','','','',2,'2017-08-12 16:50:26','0000-00-00 00:00:00','175423',1),(1038,'goutham','g.yourself@yahoo.com','5fc8e3f42e569b5c654eddf4dae6140c','9989100757','ABC Hirers','','Hirer','g.yourself@yahoo.com',2,'2017-08-17 11:00:15','0000-00-00 00:00:00','986426',1),(1041,'Kesav','krayaprolu@gmail.com','098f6bcd4621d373cade4e832627b4f6','4252143187','Test','test','Devl','test@email.com',2,'2017-08-18 00:05:01','2017-08-18 00:05:01','330390',1),(1042,'Jani MMS','jani.0714@mihirmobile.com','e99a18c428cb38d5f260853678922e03','9573660380','MMS','MVP COLONY','Manager','info@mihirmobile.com',2,'2017-08-18 12:15:59','2017-08-18 12:15:59','315472',1),(1043,'pk','pk@email.ovi.usa.cc','7403bc48909cb6a34785ce0e017757fb','9887564212','pk@email.ovi.usa.cc','pk@email.ovi.usa.cc','pk@email.ovi.usa.cc','pk@email.ovi.usa.cc',1,'2017-08-28 06:17:36','0000-00-00 00:00:00','151753',1),(1044,'Sri','fnln2@yopmail.com','75fc82ef55c5aec42d659248ae23589e','9090909090','HelloWorld','123 Street Hitect City Hyderabad','SSE','fnln3@yopmail.com',1,'2017-08-30 05:48:17','0000-00-00 00:00:00','645713',1),(1045,'Sanjay','sanjay.vijan@gmail.com','25d55ad283aa400af464c76d713c07ad','9820615314','ASTAVINAYAK CRANES & EQUIPMENTS LLP','Mumbai -400051','Managing Director','info@astavinayakcranes.com',2,'2017-08-30 06:33:42','0000-00-00 00:00:00','862844',1),(1046,'Padma','padmaa156@gmail.com','5a5fd21507b54f0d6e5b4924b4413dc2','9160690911','BB Projects','Visakhapatnam','Manager','padmaa156@gmail.com',2,'2017-08-30 06:42:17','0000-00-00 00:00:00','764254',1),(1047,'Prasad','gsprasasd mdr@gmail.com','e10adc3949ba59abbe56e057f20f883e','9110379142',NULL,'TBD','TBD','TBD',1,'2017-08-31 02:20:24','2017-08-31 02:20:24','534137',1),(1048,'Jani Nemana','janinemana@gmail.com','b09a0634aff1d175e6a4b75f51cc6ae8','9652728783','MMS','MVP colony','Manager','janinemana@gmail.com',2,'2017-08-31 13:47:12','2017-08-31 13:47:12','355895',1),(1049,'Abrar','abrarnadgaonkar27@gmail.com','25d55ad283aa400af464c76d713c07ad','7738577152','Big crane','mumbra','owner','abrarnadgaonkar27@gmail.com',2,'2017-09-01 06:56:33','0000-00-00 00:00:00','743245',1),(1050,'rdcranes','rd.cranes@yahoo.com','25d55ad283aa400af464c76d713c07ad','9890304036','RD Cranes','MVP','manager','rd.cranes@yahoo.com',2,'2017-09-01 10:08:57','0000-00-00 00:00:00','717568',1),(1051,'Mathiazhagan S','sakthicraneservice@yahoo.com','c3d72193c901c5c9d28cd7ee7d52b806','9551278754','Sakthi Crane Services','Plot No:21, Sai Krupa Nagar, Sai Krupa Junction, Chennai - 67','','sakthicraneservice@yahoo.com',2,'2017-09-05 08:15:49','0000-00-00 00:00:00','918854',1),(1052,'Amir Sony','sonycrane57@yahoo.com','16d4737a30b1c8068b6aa0ba0c7cda01','9324658188','Sony Cranes','Jogiswre West, Sv Road','Owner','sonycrane57@yahoo.com',2,'2017-09-05 13:04:42','0000-00-00 00:00:00','355193',1),(1053,'Karishma','karishma@datagrid.co.in','b0e42f34b8b7178c3cb8dde46f63cc93','9987089938','Datagrid Solutions Pvt Ltd','Mumbai','Director','info@datagrid.co.in',2,'2017-09-06 09:37:29','0000-00-00 00:00:00','450383',1),(1054,'Upkar singh','bh_craneservice@yahoo.co.in','5cfcc971574e0ae147abf0d35025734f','9824040334','Bhupendra house crane service pvt. Ltd.','State highway, opp.ONGC nagar, palavasna,MEHSANA (GUJARAT)','Director ','bh_craneservice@yahoo.co.in',2,'2017-09-06 10:10:56','0000-00-00 00:00:00','415477',1),(1055,'Laxmi Lal Dangi ','ajantacranes@yahoo.com','25d55ad283aa400af464c76d713c07ad','9414158355','Ajanta cranes','Udaipur.rajasthan','Owner','ajantacrane@gmail.com',2,'2017-09-06 15:20:38','0000-00-00 00:00:00','236542',1),(1056,'Mayank RB','info@lepl.co','c824ae1e95deb40e3fb385ebea86f7d6','9820288205','Logistic Enterprises Pvt Ltd','1,Navratan, Masjid Bunder, Mumbai-400009','Business Development','info@lepl.co',2,'2017-09-07 03:54:05','0000-00-00 00:00:00','848189',1),(1057,'Gurpreet Singh ','gsktransport@hotmail.com','d9e04c9490fc3f1c43af437d71cd47c0','9819376538','M/S GSK LOGISTICS PRIVATE LIMITED ','B601, HERMES ATRIUM, PLOT NO 57, SECTOR 11,C.B.D BELAPUR, NAVI MUMBAI 400614','Director','gsktransport@hotmail.com',2,'2017-09-07 05:22:49','0000-00-00 00:00:00','791591',1),(1058,'gundu venkatesh','gunduvenkatesh1992@gmail.com','8e4297151309585bd806aa6b0c0aed0c','9177640804','BIG CRANES INDIA','mvp colony','executive','gunduvenkatesh1992@gmail.com',2,'2017-09-07 05:40:25','0000-00-00 00:00:00','761983',1),(1059,'Shailendra Tiwari','tiwari.net@gmail.com','dc06698f0e2e75751545455899adccc3','9909928744','Quippo','Ahmedabad','Assistant Manager','',2,'2017-09-07 10:07:40','0000-00-00 00:00:00','392518',1),(1060,'Sahajveer Anand','sahaj@gtnova.com','070f47d426f0d1557785ece2a9395fb6','9818503504','GT Nova Equipments Pvt. Ltd','C-214A, Mayapuri Industrial Area, Phase 2','Director','sahaj@gtnova.com',2,'2017-09-07 10:13:58','0000-00-00 00:00:00','151758',1),(1061,'TAPAS','sales@rscranes.in','930a4477320721dd1814ebbd9a79628c','7887880006','R.S CRANES','Khasra no-68/1,64/4, Bhandara Road , Pardi, Nagpur- 440008.','SALES Manager','sales@rscranes.in',2,'2017-09-07 10:56:50','0000-00-00 00:00:00','456241',1),(1062,'Goutham','bigequipmentsindia@gmail.com','4fa94aab4b402d0761e83fd78cf21437','9966203456','DEI','Pune','DIR','bigequipmentsindia@gmail.com',1,'2017-09-07 11:51:56','0000-00-00 00:00:00','573285',1),(1063,'YAMINI','haditt999@gmail.com','a307b6ce2c526e7b795b3dad0ec5b58d','9052389203','GHI','MVP Colony, Ushodaya Junction, Visakhapatnam.','MANAGER','haditt999@gmail.com',2,'2017-09-12 09:35:18','0000-00-00 00:00:00','863327',1),(1064,'Sahoo','mcsahoo001@gmail.com','25f9e794323b453885f5181f1b624d0b','9988665544','Devrabbit','','','',1,'2017-09-12 10:26:59','0000-00-00 00:00:00','612040',1),(1065,'Rojith Kodakkatt','rkheavylifters@gmail.com','be14fcd2f6bceabf1472b0c3afe563ae','9388442211','RK Heavy Lifters','Feroke Chungam, Calicut, Kerala','Proprietor ','rkheavylifters@gmail.com',2,'2017-09-14 19:37:54','0000-00-00 00:00:00','200693',1),(1066,'DIGITAL EQUIPMENTS INDIA','info@digitalequipmentsindia.com','32af56cc150cddfbc78e2dc04141f908','8333893338','DIGITAL EQUIPMENTS INDIA','MVP Colony, Ushodaya Junction, Visakhapatnam.','SUPPORT TEAM','info@digitalequipmentsindia.com',2,'2017-09-15 06:48:46','0000-00-00 00:00:00','116945',1),(1067,'Vinod','vinod4b4@gmail.com','25f9e794323b453885f5181f1b624d0b','8341024201','Devrabbit','','','',1,'2017-09-15 10:00:08','0000-00-00 00:00:00','784478',1),(1068,'Jani ','cio@bigequipmentsindia.com','0aa59965d572d57cea877b506a7af5ac','9012345678','BEI','MVP Colony, Ushodaya Junction, Visakhapatnam.','CIO','cio@digitalequipmentsindia.com',2,'2017-09-15 10:11:48','0000-00-00 00:00:00','974884',1),(1069,'fdsfdf','test123qa1@yopmail.com','a850347302f9504c4e1054310855c28f','1234567892','sdsds','hyd','dsdd','test123qa1@yopmail.com',1,'2017-09-15 14:03:54','0000-00-00 00:00:00','583415',1),(1070,'Deepak ','shriramminerals@yahoo.co.in','e68b380042b1aeca4b1325b46e56a889','9414106241','Shri ram mineral udhyog ','Gurudwara road Barmer 344001','Ceo','shriramminerals@yahoo.co.in',2,'2017-09-16 04:25:15','0000-00-00 00:00:00','721713',1),(1071,'trial','abrar@chatongo.com','25d55ad283aa400af464c76d713c07ad','8169280375','trail','','owner','abrar@chatongo.com',2,'2017-09-19 06:02:19','0000-00-00 00:00:00','253795',1),(1072,'vijaya Sri','kvijayasri9@gmail.com','25d55ad283aa400af464c76d713c07ad','9885824429','Lotus','','Acc','',1,'2017-09-19 09:41:30','0000-00-00 00:00:00','418796',1),(1073,'Satyen Gandhi','eerl@expressworld.com','25d55ad283aa400af464c76d713c07ad','9824252322','Express Equipment Rental & Logistics Pvt ltd','438 GIDC Makarpura, Vadodara 390010  ','owner','eerl@expressworld.com',2,'2017-09-19 09:46:12','0000-00-00 00:00:00','914386',1),(1074,'Arsalaan Thakur','marketing@drcorp.co.in','0c4f615acecb3599acfe3ae78abbaca8','8850196643','Dewanchand Ramsaran Corporation Pvt. Ltd.','218, Navratan, 2nd Floor, 69, P D Mello Road, Carnac Bunder Junction, Mumbai-400009','Marketing Officer','marketing@drcorp.co.in',2,'2017-09-19 12:13:44','0000-00-00 00:00:00','210464',1),(1075,'Jatinder Singh Bedi','jsbedi@grinfrastructure.com','584c180e4d6aef13b2d90014ad5ae7fd','8879203701','G R Infrastructure Pvt Ltd','202, Poonam Chambers, A Wing, Worli, Mumbai.400018','GM','sales@grinfrastructure.com',2,'2017-09-20 09:06:43','0000-00-00 00:00:00','244297',1),(1076,'ANIL YADAV','yadav766anil@gmail.com','d8948b5cdf09f213aecb5bdf0aac4c37','8130630807','YADAV CRANE SERVICE ','H-4, SITE V,  KASNA , GREATER NOIDA, GAUTAMBUDH NAGAR UTTARPRADESH 201308','MD','yadav766anil@gmail.com',2,'2017-09-20 09:12:37','0000-00-00 00:00:00','601117',1),(1077,'SAMARTH LIFTERS PVT LTD','samarthliftersho@gmail.com','116552b64a86e1edc3bcc137fbf739fa','8108261333','Samarth Lifters Pvt Ltd','Nayan Building, Opp. Anand Nagar Octroi Naka,, Eastern express highway, Kopri,','Manager ','samarthliftersho@gmail.com',2,'2017-09-21 06:44:01','0000-00-00 00:00:00','571658',1),(1078,'Afzal khan ','smcranes.afzal@gmail.com','2e95185823298a28672b5323436a9774','9880243138','S. M Crane Service ','Bangalore ','Cranes and fork lifts on rent Hire ','',2,'2017-09-21 14:23:58','0000-00-00 00:00:00','220494',1),(1079,'Sunil makad','info@steelcarriers.in','fe5901ea54529f937287c20259f35a93','8286635555','steel carriers infrastructure pvt.ltd.','13, B.P.T.bldg, Mallat Bunder road, mumbai 400009','Director marketing & sales','info@steelcarriers.in',2,'2017-09-22 06:52:27','0000-00-00 00:00:00','318502',1),(1080,'Ganesh Poojari','asiaticraneservices@gmail.com','07cb581d24a30021d4f89bba99be7eaa','9820057371','ASIATIC CRANES SERVICES','SA 36. 2ND FLOOR.LAKE CITY MALL. NEAR BIG BAZAAR.KAPURBAWDI.  THANE  WEST .400608.','PARTNER','asiaticraneservices@gmail.com',2,'2017-09-22 11:07:42','0000-00-00 00:00:00','652281',1),(1081,'Santosh Singh','santosh@bhadoria.com','669eec5e687f19c98fb6cbdca5911806','9825026860','Bhadoria Engineering Services Pvt Ltd','115,ADITYA COMPLEX, KASAK CIRCLE, BHARUCH, GUJARAT-392001','Director','info@bhadoria.com',2,'2017-09-22 12:03:06','0000-00-00 00:00:00','137633',1),(1082,'gurbir singh','guru.asis@yahoo.com','d8c7a7cb237314513eeb8257da8196f0','9821726459','Guru Asis Crane Service','Kalyan','Partner','guru.asis@yahoo.com',2,'2017-09-23 07:41:30','0000-00-00 00:00:00','578734',1),(1083,'Balaji Iyer','sales@nityanand.com','d6ac0e615a2d068dc000b06aa9c72e4d','9594994522','Nityanand Infrastructure Limited','711, Highway Commerce Center, Laghu Udyog Kendra, I.B.Patel Road, Goregaon (East), Mumbai-400063.','Asst. Vice President','nitin@nityanand.com',2,'2017-09-23 08:58:28','0000-00-00 00:00:00','235704',1),(1084,'Chandan saha','chandan26saha@gmail.com','20daa181acaef608990114b2828b6cf7','9732138230','C P Construction Co','Durgapur','Director','cpconstructionco@gmail.com',2,'2017-09-25 05:59:28','0000-00-00 00:00:00','267064',1);
/*!40000 ALTER TABLE `core_users` ENABLE KEYS */;
UNLOCK TABLES;
/*!40103 SET TIME_ZONE=@OLD_TIME_ZONE */;

/*!40101 SET SQL_MODE=@OLD_SQL_MODE */;
/*!40014 SET FOREIGN_KEY_CHECKS=@OLD_FOREIGN_KEY_CHECKS */;
/*!40014 SET UNIQUE_CHECKS=@OLD_UNIQUE_CHECKS */;
/*!40101 SET CHARACTER_SET_CLIENT=@OLD_CHARACTER_SET_CLIENT */;
/*!40101 SET CHARACTER_SET_RESULTS=@OLD_CHARACTER_SET_RESULTS */;
/*!40101 SET COLLATION_CONNECTION=@OLD_COLLATION_CONNECTION */;
/*!40111 SET SQL_NOTES=@OLD_SQL_NOTES */;

-- Dump completed on 2017-09-25  8:25:28
